Logo,Company,Address,Category,Products List
https://www.halal.hrhttp://www.acg-world.com/,ACG Lukaps,"Frankopanska ul. 79, 42230 Ludbreg, Croatia",Producers,
https://www.halal.hrhttps://thehostdmc.com/,"Agnieszka Puszczewicz, turistička agencija","Nowogrodzka 50/510, 00-033 Warszawa, Poljska",Travel agencies,
https://www.halal.hr,AL&FA&DI j.d.o.o.,"Ul. Braće Branchetta 42, 51000, Rijeka",Restaurants,
https://www.halal.hrhttps://anamarija.hr,ANAMARIJA COMPANY  d.o.o,"Prelčeva ul. 46, 10360, Sesvete, Croatia",Producers,"Anamaria minas 100g/200g/250g, Anamaria minas 250g+50g/2705g/500g/575g, Anamaria 250g vakum, Anamaria filter 250g, Anamaria bez kofeina 250g, Santa maria 175g/400g, Joker 400g, Šeherzada 400g, Golden 200g/500g, Bingo 200g/500g, Espresso verde 1000 g, Espresso d'oro 1000 g, Espresso vendi 1000g, Espresso azzuro 1000g, Espresso cialde 7g/7gX10/7g x 150 paket, Espresso cialde bez kofeina 7g x 10, Espresso vending 1000 g, Vending plus espresso 1000 g, Espresso rinfuza zrno 3000 g, Anamaria rinfuza zrno 3000g/10000g, Santa maria rinfuza zrno 3000 g/10000g, Filter rinfuza zrno 3000 g, Bez kofeina rinfuza zrno 3000 g, Arabica zrno 3000 g, Minas zrno 1000g/3000 g, Santos rinfuza zrno 3000 g, Columbia rinfuza zrno 3000 g, Instant classic 100 g /200glimenka, Instant classic 100 g/200g staklo, Instant classic 75 g, Instant classic 2 g /2 g  x 100 /, Vending plus instant premium 500 g, Instant vending 1000 g, Vending plus čaj breskva 1000 g, Vending plus čaj limun  1000 g, Kakao prah 100 g, Chocomilk 200 g /15 g /15 g x 20, Choco latino 25 g – vruća čokolada crna, Choco latino 10x 25 g – vruća čokolada crna, Choco latino  25 g – vruća čokolada bijela, Choco latino 10x 25 g – vruća čokolada bijela, Vending plus cioccolato premium 1000g, Vending plus bevanda bianca premium 1000g, Anamaria cappuccino classic 200 g, Anamaria cappuccino classic 200 g + 50 g gratis, Anamaria cappuccino classic 14 g/8 x 14 g, Anamaria cappuccino vanilija 200 g/18 g/8 x18 g, Anamaria cappuccino čokolada 200 g /18g/8x18g, Santa maria cappuccino classic 150 g, Santa maria cappuccino vanilija 150 g, Santa maria cappuccino čokolada 150 g, 3 u 1 18 g, 3 u 1 20×18 g, 2 u 1 12 g, 2 u 1 10×12 g, Booster 10x 18g/20x 18g, Hot choc dark 25 g, vruća čokolada, Hot choc dark 10x 25 g, vruća čokolada, 3u1 strong 18 g, 3u1 strong 18g x 50, 3u1 macchiato 15 g, 3u1 macchiato 15 g x 50, 100% Arabica mljevena kava 250 g, 100% Arabica rinfuza zrno 3 kg, Kaviana mljevena kava 200 g, Kaviana mljevena kava 500 g, Chocosaurus 800 g, HOT CHOC 25 g, HOT CHOC 25 g x 10, 3u1 Macchiato 15 g/15 g x 50, 3u1 Strong 18 g/18 g x 50, 3u1 Classic 18 g x 50, 2u1 Late 12 g x 50, Finoccino 18 g/18 g x 8, Santa Maria rinfuza mljevena kava 3 kg, Il Grande mljevena kava 500 g"
https://www.halal.hrhttps://www.ard-cosmetics.com/,ard natural cosmetics,"Nikole Tesle 15, 10000 Zagreb",Retail,
https://www.halal.hrhttps://joker.hr/store/chevap-by-duje-pisac-uskoro/?location=chevap,Axes d.o.o.,"Put Brodarice 6, 21000 Split",Restaurants,
https://www.halal.hrhttps://balkansluxuryconcierge.hr,Balkans Luxury Concierge j.d.o.o.,"Put Pubovo 5, 51211, Matulji, Hrvatska",Travel agencies,
https://www.halal.hrhttps://www.bboil.hr,BB Oil d.o.o.,"Trg Lava Mirskog 1, 31000, Osijek, Hrvatska",Producers,
https://www.halal.hrhttp://www.belje.hr,Belje plus d.o.o. (tvornica mliječnih proizvoda),"Ul. Imre Nagya 1, 31300, Beli Manastir, Croatia",Producers,"Abc svježi krem sir 20g, Abc svježi krem sir 50g, Abc svježi krem sir 100g, Abc svježi krem sir 200g, Abc svježi krem sir duo (2x200g), Abc mediteran svježi krem sir 100g, Abc povrće svježi krem sir 100g, Abc vlasac svježi krem sir 100g, Abc svježi krem sir 2,5kg, Abc svježi krem sir 5,5kg, Abc mediteran svježi krem sir gastro 2,5 kg, Abc vlasac svježi krem sir gastro 2,5 kg, Abc povrće svježi krem sir gastro 2,5 kg, Abc hren svježi krem sir 100 g, Baranjac polutvrdi punomasni sir, Gauda polutvrdi punomasni sir, Svježi sir, posni 10kg, Svježi sir, posni 500g, Svježi sir, polumasni 10kg, Svježi sir, polumasni 10kg, Svježi sir, polumasni 500g, Svježi sir, masni 25kg, Svježi sir, masni 500g, Edamer polutvrdi punomasni sir"
https://www.halal.hrhttps://bozjakovina.hr,Božjakovina d.d.,"Božjakovečka 6., 10370 Božjakovina, Hrvatska",Producers,
https://www.halal.hrhttps://kozjemlijeko.com/,Capra Domestica d.o.o.,"Serajlići 4, Sitno Donje, 22205 Perković",Producers,
https://www.halal.hrhttp://clarum.hr,Clarum d.o.o. za proizvodnju i usluge,"1. Industrijski odvojak 6, 35400, Nova Gradiška, Croatia",Producers,"Listovi za pite i savijače s konzervansom, Brzo zamrznute savijače iz vučenog tijesta od sira, Brzo zamrznute savijače iz vučenog tijesta od sira i špinata, Brzo zamrznute savijače iz vučenog tijesta od krumpira, Brzo zamrznute savijače iz vučenog tijesta od jabuka, Brzo zamrznute savijače iz vučenog tijesta od višnja, Brzo zamrznute savijače iz vučenog tijesta od čokolade i lješnjaka, Brzo zamrznuti štrukli s sirom, Brzo zamrznuti štrukli s višnjom, Brzo zamrznuti štrukli s jabukom, Fidelini sitni, Fidelini krupni, Makaroni, Krpice, Svrdla, Pužići, Široki rezanci uži, Široki rezanci širi, Fusili, Nulice, Penete koso rezane, Penete, Color široki, Color penete, Color svrdla"
https://www.halal.hrhttps://www.drskobic.com,Dr. Škobić d.o.o.,"Gornji kraj 11, 10430 Samobor, Hrvatska",,
https://www.halal.hrhttp://www.dimmes.com,Drniška tradicija d.o.o.,"Vrba 9, 22322 Čavoglave, Hrvatska",Producers,
https://www.halal.hrhttps://dukat.hr,"Dukat d.d., Tvornica Zagreb","Ul. Marijana Čavića 9, 10000, Zagreb, Croatia",Producers,"Dukat svježe mlijeko 3,2%m.m. 1 l, Dukat tekući jogurt 2,8%m.m. 1 kg, Dukat tekući jogurt 0,5%m.m. 1 kg, Dukat jogurt 180 g, Dukat acidofil 180 g, Dukat tekući jogurt 2,8%m.m. 180 g, Dukat tekući jogurt 0,5%m.m. 180 g, aktiv lgg jogurt 150 g, Jogo marelica 1 kg, Dukat trajno mlijeko 0,5%m.m. 1 l, Dukat trajno mlijeko 2,8%m.m. 0,2 l, Dukat trajno mlijeko 2,8%m.m. 0,5 l, Dukat trajno mlijeko 2,8%m.m. 1 l, Profi mlijeko za kavu 3,8%m.m. 1 l, Dukat trajno mlijeko 3,8%m.m. 1 l, Dukat čokoladno mlijeko 0,20 l, Brzo&fino vrhnje za kuhanje 500 g, Brzo&fino vrhnje za kuhanje 1kg, Brzo&fino vrhnje za šlag 500 g 33%, Brzo&fino kiselo vrhnje 12% 200 g, Brzo&fino kiselo vrhnje 20% 200 g, Brzo&fino kiselo vrhnje 20% 900 g, Brzo&fino kiselo vrhnje 12% 900 g, Brzo&fino cremoso, Kulinarski krem jogurt, Dolce puding čokolada 125 g, Dolce puding vanilija 125g, Dukatela original 70 g, Dukatela mliječni namaz s povrćem 70 g, Dukatela mliječni namaz light 70 g, Parmalat dairy snack strawberry 4x125g-6kg, Parmalat dairy snack natur 4x125g-6kg, Lactel mliječni krem desert čokolada 4x125g-6kg, Lactel mliječni krem desert vanilija 4x125g-6kg, Goodburry jogurt jagoda 4x125g, Goodburry jogurt natur 4x125g, Goodburry jogurt vanilija 4x125g, Goodburry jogurt ananas 4x125g, Goodburry jogurt borovnica 4x125g"
https://www.halal.hrhttps://www.elconpp.com,ELCON prehrambeni proizvodi d.o.o.,"Ul. Josipa Kraša 3, 49247, Zlatar Bistrica, Croatia",Producers,"Bjelanjak pasterizirani tekući, Žumanjak pasterizirani tekući, Jaja pasterizirana tekuća, Žumanjak pasterizirani slani, Bjelanjak pasterizirani smrznuti, Jaja u prahu, Žumanjak u prahu, Bjelanjak u prahu, Bjelanjak u prahu fementirani"
https://www.halal.hrhttps://www.aminolabs.com,EMPWR d.o.o.,"II Industrijski odvojak broj 2, 35400, 35400, Nova Gradiška, Croatia",Producers,proizvodnja proteinskih barova
https://www.halal.hrhttps://www.esculaprestaurants.com,"Esculap Teo d.o.o. - Restorani ""Proto"" i ""Konavovski dvori""","20213, Močići, Croatia",Restaurants,
https://www.halal.hrhttps://www.esplanade.hr,ESPLANADE OLEANDER d.o.o.,"Ul. Antuna Mihanovića 1, 10000, Zagreb, Croatia",Hoteliers,
https://www.halal.hrhttps://catering-kvatric.hr,Euroadria d.o.o.,"Maksimirska cesta 9, 10000, Zagreb, Croatia",Restaurants,
https://www.halal.hrhttps://fucak.hr,Fivas d.o.o.,"Selina 2, 51219 Čavle",Producers,
https://www.halal.hrhttp://www.franck.hr,Franck d.d.,"Vodovodna ul. 20, 10000, Zagreb, Croatia",Producers,"Kava espresso zrno Espresso Classic v. 3000g, Esppresso Bonus v. 1000g, Espresso Classic v. 1000g, Espresso Superiore v. 1000g, Espresso Superiore lim. 3000g, Espresso Stretto lim. 3000 g, Espresso Stretto v. 1000 g, Espresso Victoria 1000g, Kava espresso extra, Extra Espresso Classic k. 140 g, Extra espresso Bez kofeina k. 140 g, Extra espresso Stretto k. 140g, Extra espresso Superiore k. 140 g, Kava mljevena Jubilarna Kava, Jubilarna mljevena 100g, Kava Jubilarna mljevena 200g, Kava Jubilarna mljevena 500g, Kava Jubilarna mljevena 200g, Kava Jubilarna mljevena samost. v. 400 g, Kava Jubilarna mljevena samost. v. 175 g, Kava Jubilarna mljevena samost. v. 500 g, Filter mljevena vak. 250g, Jubilarna ex. vac. 250g, Costa rica mljevena vac. 250g, Guatemala mljevena vak 250 g, 100% arabica mljevena vak. 250g, 100% Arabica lješnjak čokolada mljevena vak. 250g, Espresso mljevena vak. 250g, Espresso bez kofeina mljevena vak. 250g, Jubilarna bez kofeina mljevena vak. 250g, Kava Victoria ekskluzivna v. 200g, Kava Victoria ekskluzivna v. 500g, Kava Victoria Prima v. 250g, Kava Victoria Prima v. 500g, Kava Victoria Ritual v. 200g, Kava Victoria Ritual v. 500g, Kava Victoria Specijal v.200g, Kava Victoria Specijal 500g, Gloria mljevena v. 175 g, Gloria mljevena vak.250g, Gloria mljevena v. 250 g, Gloria mljevena v. 450g, Gloria mljevena v. 350g, Gloria mljevena v. 500g, Kava mljev BONUS 100g, Kava mljev BONUS 200g, Kava mljev BONUS 500g, Filter mljevena 1000g, Kava Crema Kava Crema 100g, Kava Crema 9g, Kava Crema 175g, Kava Crema 250g, Kava Crema 375g, Instant mješavina za kavu 2 u 1 k 300g, Instant mješavina za kavu 3 u 1 k. 360g, Instant mješavina za kavu 3 u 1 kakao k. 360g, Instant mješavina za kavu 3u1 v.180g, Filter čaj jabuka-cimet k. 60g, Filter čaj brusnica k. 55g, Filter čaj trešnja k. 55g, Filter čaj lipa K. 40g, Filter čaj Malina-Mangosteen 55 g, Filter čaj Crni ribiz omot 55 g, Filter čaj majčina dušica k.30g, Filter čaj planinski k.40g, Filter Čaj afternoon 40g, Filter Čaj evening 40g, Filter čaj menta k. 30g, Filter čaj kadulja k. 30g, Filter čaj Limeta – acai – cimet omot 55g, Filter čaj Dark mint k.40g,, Filter čaj Exotic green k.40g,, Filter čaj šipak k. 60g, Filter čaj kamilica k. 20g, Šećer za ugostiteljstvo v. 5g, Šećer za ugostiteljstvo smeđi, v. 5g, Hot mix dark choco k. 500g, Hot mix okus cocoa k. 375g, Hot mix dark choco & orange k. 500 g, Instant Kava Classical Limenka 100 G 778-00, Instant Kava Franck Classical L.200g, Instant Kava Bez Kofeina Boč. 100g, Instant Kava Gold Boč. 100g, Instant Kava Crema Boč. 80g"
https://www.halal.hrhttps://www.or-le.com,Frozen Food International d.o.o.,"Kukuljanovo 344, 51223, Kukuljanovo, Hrvatska",Producers,
https://www.halal.hrhttp://www.gavrilovic.hr,Gavrilović d.o.o.,"Gavrilovićev trg 1, 44250, Petrinja, Croatia",Slaughterhouses,"Pileća pašteta 50g, Pileća pašteta 100g, Pureća pašteta 100g, Pileći narezak  150g, Pureći narezak 150g, Goveđi narezak 150g, Goveđi gulaš 200g, Goveđi gulaš 400g, Delikates goveđi jezici 2720 g, Pileća pašteta 840g, Pureća prsa 150g (konzerva), Pileća pašteta 95 g, Pureća pašteta 95 g, Sudžuk /vac/, Sušeni goveđi but 1/2 /vac/, Pileća mortadela 1/2  /vac/, Gala pileća kobasica 400 g, Pileća ekstra kobasica 350g, Pileće hrenovke 200 g vac, Pileće hrenovke 100 g vac, Gala pileće hrenovke 100 g vac, Gala pileće hrenovke 200 g vac, Gala pileće hrenovke 1,4 kg, gastro hrenovke 1400, Pileća ekstra kobasica 250g, Stancija pureća šunka 1/2 vac., Juneća jetra, Juneća koljenica bk, Juneća koljenica sk, Juneća lopatica bk, Juneća lopatica sk, Juneća podlaktica bk, Juneća podlaktica sk, Juneća podlopatica s kostima, Juneća polovica, Juneća potrbušina, Juneća prednja četvrt bez potrbušine, Juneća prednja četvrt s potrbušinom, Juneća prsa, Juneća rebra, Juneća slabina i leđa, Juneća slabina i leđa bez bifteka, Juneća srca, Juneća zadnja četvrt bez bifteka, Juneća zadnja četvrt s biftekom, Juneće bijele kosti, Juneće kosti, Juneći biftek, Juneći bijeli bubrezi, Juneći brizli, Juneći but bk bez koljenice, Juneći but s kostima i koljenicom, Juneći but sk bez koljenice, Juneći fileki, Juneći grkljani, Juneći jezici, Juneći milanski rez bez bifteka, Juneći milanski rez bez koljenice, Juneći milanski rez s biftekom, Juneći rep, Juneći vrat bk, Juneći vrat sk, Juneća leđa sk pak., Juneća lopatica kocka pak., Juneći flam – potrbušina bk pak., Juneća prsa pak., Juneće meso mljeveno pak. (ii.kat.), Juneće mljeveno meso i. Kat. /vac/, Juneći but bk pak., Juneći ramsteak bk*, Juneća jetra vac., Juneća slabina i leđa s biftekom*, Juneća podlopatica bez kosti *, Juneći flam bez kosti *, Juneća pluća*, Juneći bubrezi *, Juneći loj *, Juneći but bez kosti – odrezak cca 150g *, Juneći but bez kosti odresci 200g*, Juneća lopatica bez kosti odresci150g *, Juneća mješavina za juhu*, Goveđi biftek svježi*, Teleća polovica *, Juneći obresci 80/20*, Juneća slezena*, Juneća lopatica bez kosti /vac/*, Juneće meso kocka ii. Kat.*, Juneći but bez kosti i bez koljenice /vac/*, Juneći bijeli bubrezi /vac/*, Juneći biftek /vac/, Juneći loj – smrznuto*"
https://www.halal.hrhttp://gec.hr,GEC d.o.o. Plešce,"A.MUHVIĆA BR.44 Plešce, 51303, Plešce, Croatia",Producers,"LDPE folije, LDPE vrećice"
https://www.halal.hrhttps://www.marriott.com/hotels/travel/spumd-le-meridien-lav-split/,Grand Hotel Lav d.o.o.,"Grljevačka ul. 2, 21312, Podstrana, Croatia",Hoteliers,
https://www.halal.hrhttp://www.granolio.hr,Granolio d.d.,"Budmanijeva ul. 5, 10000, Zagreb, Croatia",Producers,"Pšenično brašno iz cijelog zrna – integralno, Pšenično brašno T-1600, Raženo brašno T-1250, Pšenično brašno T-1100 crno, Raženo brašno T-950, Pšenično brašno T-850 polubijelo, Pšenično brašno T-550, Pšenično brašno T-550 namjensko za pizzu, Pšenično brašno T-550 namjensko za vučena tijesta, Pšenično brašno T-500 izvoz, Pšenično brašno T-400 namjensko za dizana tijesta, Pšenično brašno T-400 namjensko za kolače, Pšenično brašno T-400 oštro, Namjenska krupica T-400 – gris, Pšenično brašno T-400 namjensko za kremšnite, Pšenična krupica T-400, Pšenično krmno brašno, Pšenično brašno T-400 Puder za pite i kolače, Pšenično brašno T-550 Ekstra glatko, Pšenično brašno T-400 za čajna peciva, Pšenično brašno T-550 za čajna peciva, Pšenično brašno T-550 za kekse, Pšenično brašno T-550 za vafel listove, Pšenično brašno T-700 za čajna peciva, Pšenično T-700 za kekse, Pšenično T-700 za slane štapiće, Pšenično T-850 za čajna peciva, Pšenično T-850 za kekse, Pšenično brašno T-850 za slane štapiće, Pšenično brašno T-550 namjensko ekstra glatko za vafle 38., Pšenično brašno T-550 namjensko glatko za kekse 39., Pšenično brašno T-550 ekstra glatko za slane štapiće 40., Pšenično brašno T-550/400 37., Pšenično Integralno brašno eko klas, Pšenični gris T-400 eko klas, Pšenično brašno T-550 eko klas, Pšenično brašno T-1100 crno, Pšenično brašno T-550 za kornete, Brašno T-400, Brašno T-550, Brašno T-850, Brašno T-1100, Brašno integralno( od cijelog zrna), Pšenično krmno brašno, Namjensko brašno za vafle, Namjensko brašno za vučena tijesta, Namjensko brašno za kekse"
https://www.halal.hrhttps://www.grbic.hr,Grbić d.o.o.,"Mlinska ul. 90, 34000, Požega, Croatia",Producers,
https://www.halal.hrhttps://www.didaboza.hr,Hermes International d.o.o.,"Ul. Vilka Novaka 18, 42209, Sračinec, Croatia",Producers,"Ekološki džem od smokve 240 g., Ekološki džem od smokve i naranče 240 g., Ekološki džem od kupine 240 g., Ekološki džem od višnje 240 g., Ekološki džem od jagode 240 g., Ekološki džem od marelice 240 g., Pekmez od šljiva ( bez šećera ) 240 g., Ekološki čokoladni namaz-FICOCO 240 g., Domaći ajvar 200 g., Prirodni namaz od crnih maslina 190 g., Prirodni namaz od zelenih maslina 190 g., Nerafinirani ekološki šećer 600 g., Ekstra džem smokva 700 g., Ekstra džem smokva sa narančom 700 g., Ekstra džem kupina 700 g., Ekstra džem višnja 700 g., Ekstra džem jagoda 690 g., Pekmez od šljiva 690 g., Dalmatinske suhe smokve 110 g., Dalmatinske suhe smokve 210 g., Sušene goji bobice 50 g., Sušene goji bobice 100 g., Ekološki sok nar 750 ml., Ekološki sok aronija 750 ml., Ekološki sok šumska kupina 750 ml"
https://www.halal.hrhttps://hotelamfiteatar.com/,Hotel Amfiteatar,"Amfiteatarska ul. 6, 52100, Pula, Hrvatska",Hoteliers,
https://www.halal.hrhttps://www.hilton.com/en/hotels/zagzcpy-canopy-zagreb-city-centre/?SEO_id=OTHR-EMEA-PY-ZAGZCPY,Hotel Canopy by HILTON,"Ulica Kneza Branimira 29, Zagreb, HR 10000",Hoteliers,
https://www.halal.hrhttp://secerana.eu/,Hrvatska industrija šećera d.d.,"Ulica grada Vukovara 269g, 10000 Zagreb",Producers,"Konzumni bijeli kristal šećer, Melasa, Tekući šećer-šećerna otopina, Suhi briketirani repin rezanac (stočna hrana)"
https://www.halal.hrhttps://www.ireks-aroma.hr,Ireks Aroma d.o.o.,"Trešnjevka 24, 10450, Jaska, Croatia",Producers,
https://www.halal.hrhttp://www.kim.hr,KIM d.o.o.,"Ul. Gornje Mekušje, 47000, Karlovac, Croatia",Producers,"Dukat trajno mlijeko 2,8% 6X1 L (vit. D), Dukat trajno mlijeko 2,8% 1L (D vit.), Dukat trajno mlijeko 2,8% 8X1L  (vit. D), Dukat trajno mlijeko 2,8% 1L (D vit.), Dukat trajno mlijeko 1,8% 1 L, Dukat trajno mlijeko 1,8% 1L, Profiline mlijeko za kavu 3,8% 1 L, MVP trajno mlijeko 2,5% 1L"
https://www.halal.hrhttp://www.vindija.hr/Proizvodi/Piletina.html?Y3RnXDQscFwxNDM%3D,Koka d.d.,"Biškupečka ulica 58, 42000, Varaždin, Croatia",Slaughterhouses,"Pile grill kalibrirani neuvrečeni (1200 gr.), Pile grill podložak, Pile roster, Pile kalibro ( 1000g ), Varaždinski pohanci, Pile 8+, Pile grilko ( 800-950g ), Pile u marinadi, Gavelino, Gavelino narezan, Gavelino narezan – mini, Batak i zabatak, Batak i zabatak na podlošku, Batak sa zabatkom (obiteljsko pakiranje), Zabatak, Zabatak na podlošku, Zabatak (obiteljsko pakiranje), Zabatak bez kože na podlošku, Batak-zabatak i prsa, Batak-zabatak i prsa podložak, Batak, Batak podložak, Batak (obiteljsko pakiranje), Prsa bez kože na podlošku, Prsa, Prsa – podložak, Prsa (obiteljsko pakiranje), Jetra sa srcem, Jetra sa srcem 500g svježa, Želuci, Želuci 500g svježi, Leđa – hrbat, Leđa i hrbat na podlošku, Krila, Krila – podložak, Krila (obiteljsko pakiranje), File od prsiju, File od prsiju – podložak, Pileći file (obiteljsko pakiranje), Pileći mini file 400g, Pileći odresci od filea prsiju 400g, File zabatka, File zabatka – podložak, Meso mladih kokoši, Meso mladih kokoši polovice, Meso mladih kokoši četvrtine, Pileći rasjek premium cca. 1000g, Pileći rasjek classic cca. 750g, Pileći rasjek za pohanje top krila cca.1100g, Pileći rasjek za pohanje top file cca. 1100g., Pripravak za juhu, Pileći krilko na podlošku, Pileći krilamare na podlošku, Pileća polovica, Pileća polovica 750g, Pileći zabatak i krila, Pileći batak i pileći file, Pileći batak i file minipack, Pileći prutići u umaku butterino 500 g., Crispy odrezak, Pile grill kalibr. Uvrečeni (1200 gr.)/smrznuti, Pile grill (vrečica)/smrznuto, Zamrznuti gavelino – narezan, Batak i zabatak/smrznuto, Batak i zabatak na podlošku/smrznuto, Batak sa zabatkom (obiteljsko pakiranje) / smrz., Zabatak/smrznuto, Zabatak na podlošku/smrznuto, Zabatak (obiteljsko pakiranje) / smrz., Zabatak bez kože na podlošku/smrznuto, Batak-zabatak i prsa smrznuto, Batak-zabatak i prsa podložak smrznuto, Batak/smrznuto, Batak – podložak/smrznuto, Batak (obiteljsko pakiranje) / smrz., Prsa/smrznuto, Prsa – podložak/smrznuto, Prsa (obiteljsko pakiranje) / smrz., Prsa bez kože na podlošku/smrznuto, Jetra sa srcem/smrznuto, Jetra sa srcem 500g / smrznuto, Želuci/smrznuto, Želuci 500g / smrznuti, Leđa – hrbat/smrznuto, Leđa i hrbat na podlošku/smrznuto, Krila/smrznuto, Krila – podložak/smrznuto, Krila (obiteljsko pakiranje) / smrz., File od prsiju/smrznuto, File od prsiju – podložak/smrznuto, Pileći file (obiteljsko pakiranje) / smrz., File zabatka/smrznuto, File zabatka – podložak/smrznuto, Meso mladih kokoši/smrznuto, Meso mladih kokoši – polovice/smrznuto, Meso mladih kokoši – četvrtine/smrznuto, Usitnjeno meso 1/1/smrznuto, Usitnjeno meso na podlošku/smrznuto 500g, Pileći rasjek premium / smrz. Cca. 1000g, Pileći rasjek classic / smrz. Cca. 750g, Rasjek za pohanje top krila smrz. Cca.1100g, Rasjek za pohanje top file smrz. Cca.1100g, Pripravak za juhu / smrz., Pileći krilko na podlošku / smrz., Pileći krilamare na podlošku / smrz, Marinato grill pile cca. 1200g, Marinato grill batak, Marinato grill batak – podložak, Marinato grill zabatak bez kože, Marinato grill zabatak bez kože – podložak, Marinato grill batak / zabatak, Marinato grill batak / zabatak podložak, Marinato grill file, Marinato grill file – podložak, Marinato grill krila, Marinato grill krila podložak, Pileća krila u pikantnoj marinadi 450 g, Marinato grill ražnjići, Marinato grill ražnjići podložak, Pileći ražnjići kids 450g, Marinato grill ražnjići zabatka, Marinato grill ražnjići zabatka podložak, Marinato grill maxi cca.1100g., Marinato grill mini cca.850g., Marinato grill pile / smrz. Cca. 1200g, Marinato grill batak / smrz., Marinato grill batak podložak / smrz., Marinato grill zabatak bez kože / smrz., Marinato grill zabatak bez kože podl. / smrz., Marinato grill batak – zabatak / smrz., Marinato grill batak – zabatak podl. / smrz., Marinato grill file / smrz., Marinato grill file podl. / smrz., Marinato grill krila / smrz., Marinato grill krila podl. / smrz., Marinato grill ražnjići. / smrz., Marinato grill ražnjići podl. / smrz., Marinato grill ražnjići zabatka / smrz., Marinato grill ražnjići zabatka podl. / smrz., Marinato grill maxi /  smrz cca.1100g., Marinato grill mini /  smrz cca.850g., Filetino classic, Filetino mediteran, Filetino crispy"
https://www.halal.hrhttp://www.kras.hr,"KRAŠ, prehrambena industrija d.d. Zagreb","Ravnice 48, 10000, Zagreb, Croatia",Producers,"Dorina čokolada za kuhanje 100g, Dorina čokolada za kuhanje 200g, Dorina čokolada za kuhanje 300g, Dorina mliječna 80g, Dorina mliječna 150g, Dorina mliječna 220g, Dorina s lješnjakom 80g, Dorina s lješnjakom 250g, Dorina mliječna s cijelim lješnjacima 100g, Dorina mliječna s cijelim lješnjacima 150g, Dorina mliječna s cijelim lješnjacima 220g, Dorina s keksom 80g, Dorina s keksom 150g, Dorina s keksom 220g, Bajadera 37g, Bajadera 100g, Bajadera 200g, Bajadera 300g, Bajadera 300g – limenka, Bajadera 500g, Bajadera 900g, Kraš 1911 60% kakaa 100g, Kraš 1911 60% kakaa s narančom 100g, Dorina Jaffa 100g, Dorina riža 75g, Dorina riža 130g, Dorina riža 220g, Tortica choco finger 42g, Životinjsko carstvo 15g, Lizly 15 g, Dorina mliječna čokolada sa steviom 100 g, Dorina tamna čokolada sa steviom 100g, Biorela choco prutići bez šećera 12,5g 875g, Biorela choco prutići 12,5g 875g, Napolitanke nougat 100g, Napolitanke nougat 330g, Napolitanke nougat 420g, Napolitanke nougat 500g, Napolitanke nougat 840g, Napolitanke hazelnut 200g, Napolitanke hazelnut 330g, Napolitanke hazelnut 420g, Napolitanke hazelnut 500g, Napolitanke mocca 330g, Napolitanke chocolate cream 100g, Napolitanke chocolate cream 200g, Napolitanke chocolate cream 330g, Napolitanke chocolate cream 420g, Napolitanke chocolate cream 500g, Napolitanke chocolate cream 840g, Napolitanke lemon-orange 330g, Napolitanke fruit 420g, Napolitanke s čokoladom 250g, Napolitanke s čokoladom 500g, Tortica čokoladna 25g, Petit beurre 200g, Petit beurre 480g, Petit beurre 960g, Petit beurre integral 255g, Sport keks 300g, Sport keks 1000g, Vic kreker slani 180g, Vic kreker sezam 180 g, Vic slani štapići 50g, Vic slani štapići 230g, Domaćica original 275g, Domaćica original 300g, Kraševo domaće 275g, Harmonija kokos 140g, Kraš 1911 čajno pecivo s lješnjakom 140g, Tortica lješnjak 27g, Nougat kocke 38g, Super wafers nougat 50g, Super wafers vanilla milk 50g, Super wafers chocolate cream 50g, Napolitanke s lješnjakom bez dodanog šećera 50g, Vienna wafers nougat 200g, Vienna wafers hazelnut 200g, Vienna wafers chocolate cream 200g, Vienna wafers mocca 200g, Batons nougat 250g, Mini domaćica original 100g, Napolitanke Cocoa & Milk 200 g, Napolitanke Integral 200 g, Slimmies karamela bez šećera sa sladilima, Bananko 30g, Žele 200g, KiKi XXL Zmije 100g, KiKi Mania Mix 90g, KiKi Mania Mix 180g, Ki-Ki Medo 90g, Ki-Ki Medo 180g, Ki-Ki ‘l love KI.KI, Ki-Ki Cola 90g, Ki-Ki Breskvice 90g, Gummy Candy 1 kg, Jelly Candy 5 kg"
https://www.halal.hrhttp://www.tajmahal-dubrovnik.com,KUĆA EDO d.o.o. - Restoran Taj Mahal,"Između Dolaca 6, 20236, Nova Mokošica, Dubrovnik",Restaurants,
https://www.halal.hrhttps://kutrilin.com,Kutrilin d.o.o.,"Radnička cesta 173, 10000, Zagreb, Croatia",Producers,"Kontramin 23, Kontramin specijal, Kontramin 815, Dispergen bio – 10, Dispergin conc. F, Dispergin conc. FA, Inkolin AFK"
https://www.halal.hrhttps://premiumdubrovnik.rixos.com,Libertas Rixos d.o.o.,"Liechtensteinov put 3, 20000, Dubrovnik, Croatia",Hoteliers,
https://www.halal.hrhttp://hrana-hrvatskih-farmi.hpa.hr/korisnikznaka/lukac-d-o-o,LUKAČ d.o.o.,"Ostrovička ul. 1, 10000, Zagreb, Croatia",Producers,"LUKAČ SVJEŽA  KONZUMNA JAJA S, LUKAČ SVJEŽA KONZUMNA JAJA M, LUKAČ SVJEŽA KONZUMNA  JAJA L, LUKAČ SVJEŽA KONZUMNA JAJA XL, TEKUĆE PASTERIZIRANO CIJELO JAJE, TEKUĆI PASTERIZIRANI BJELANJAK, TEKUĆI PASTERIZIRNAI ŽUMANJAK"
https://www.halal.hrhttp://www.luxury-cosmetics.com,LUXURY COSMETICS d.o.o.,"Ružićeva ul. 1, 51000, Rijeka, Croatia",Producers,"Cleopatra šećerna pasta strong epil 120g, Cleopatra šećerna pasta soft epil 120g, Cleopatra šećerna pasta čokolada 120g, Cleopatra šećerna pasta kamilica 120g, Cleopatra šećerna pasta mix epil 120g, Cleopatra šećerna pasta tropical epil 120g, Cleopatra šećerna pasta intimate epil 120g, Cleopatra šećerna pasta strong epil 700g, Cleopatra šećerna pasta soft epil 700g, Cleopatra šećerna pasta čokolada 700g, Cleopatra šećerna pasta kamilica 700g, Cleopatra šećerna pasta mix epil 700g, Cleopatra šećerna pasta tropical epil 700g, Cleopatra šećerna pasta intimate epil 700g, Cleopatra šećerna pasta strong epil 1400g, Cleopatra šećerna pasta soft epil 1400g, Cleopatra šećerna pasta čokolada 1400g, Cleopatra šećerna pasta kamilica 1400g, Cleopatra šećerna pasta mix epil 1400g, Cleopatra šećerna pasta tropical epil 1400g, Cleopatra šećerna pasta intimate epil 1400g"
https://www.halal.hrhttps://acidosalus.com/,MarinaLab Opus d.o.o.,"Kraljevečka c7, 10257 Kupinečki Kraljevec-Brezovica",Producers,
https://www.halal.hrhttps://matgrupa.hr,MAT grupa d.o.o.,"Vidikovac 44, 43000 Bjelovar",Slaughterhouses,
https://www.halal.hrhttp://www.milla.hr,Milla Cosmetics d.o.o,"Krapinska ul. 61, 10298, Donja Bistra, Hrvatska",Producers,
https://www.halal.hrhttps://www.mirna-rovinj.hr,Mirna Rovinj d.d.,"Ul. Giordana Paliage 5, 52210, Rovinj, Croatia",Producers,
https://www.halal.hrhttp://www.mlinar.hr,MLINAR d.d.,"Radnička cesta 228c, 10000, Zagreb, Croatia",Producers,"Domaći bijeli kruh pak 400g, Francuz kukuruzni 300g, Francuz s bučinim sjemenkama 300g, Kalnički kruh 1200g, Kalnički kruh pak 1200g, Kalnički kruh pak 400g, Kalnički mali kruh 700g, Kalnički mali kruh pak 700g, Kruh bijeli k+ 500g, Kruh bijeli sendvič 650g, Kruh bijeli sendvič pak 650g, Kruh polubijeli k+ 500g, Kruh sa suncokretom 600g, Kruh sa suncokretom pak 600g, Kruščić kukuruzni 400g, Kruščić kukuruzni pak 400g, Kukuruzni domaći kruh 900g, Kukuruzni domaći kruh pak 900g, Kukuruzni miješani kruh pak 500g, Mlinarova peka 1000g, Mlinarova peka pak 1000g, Mlinarova šlapica bijela 300g, Mlinarova šlapica bijela pak 300g, Mlinarova šlapica crna 300g, Mlinarova šlapica crna pak 300g, Polubijeli kruh 500g, Polubijeli kruh 700g, Polubijeli kruh pak 700g, Primorski kruh 700g, Primorski kruh pak 700g, Raženi domaći kruh 900g, Raženi domaći kruh pak 450g, Raženi domaći kruh pak 900g, Raženi miješani kruh 600g, Raženi miješani kruh pak 600g, Rustika 280g, Rustika kukuruzna 250g, Rustika pak 280g, Švedski kruh 650g, Švedski kruh pak 650g, Bio pecivo 80g, Bučino pecivo 40g, Delikatesna štangica 70g, Pecivo domaće 40g, Hambi pecivo 120g, Kajzerica (3+1) pak 200g, Kajzerica 50g, Kalničko pecivo (3+1) pak 240g, Krumpirovo pecivo (3+1) pak 240g, Krumpirovo pecivo 70g, Kukuruzna kiflica 30g, Kukuruzno miješano pecivo 40g, Kukuruzno pecivo 70g, Lizika 200g, Lizika mala 100g, Pecivo malo bijelo 40g, Pecivo s bučinim sjemenkama 80g, Suvitol pecivo 40g, Raženo miješano pecivo 150g, Raženo miješano pecivo za sendvič 100g, Sendvič pecivo šlapica bijela 150g, Sendvič pecivo šlapica kukuruzna 150g, Somun 200g, Špic baguette raženi 100g, Tamni klipić 70g, Žemlja 60g, Žemlja primorska 100g, Lješnjak štangica 70g, Mini kukuruzni croissant 25g, Mliječna kifla 70g, Pita sa šum. Voćem i sirom 120g, Slani klipić 70g, Šaumrola 70g, Štangica s višnjama 70g, Tamni klipić 70g, Tijesto za pizzu pak 500g, Kruh bijeli t-500 500 g kplus, Kruh domaći specijal t-500 800 g, Kruh polubijeli t-850 500 g kplus, Kruh miješani raženi 500 g, Kruh polubijeli t-850 700 g, Kruh planinski 600 g, Kruh bavarski 700 g, Kruh bijeli modlaš 700 g, Kruh lički 1500 g, Kruh slavonac 1000 g  šk, Kruh kalnički 700 g, Kruh vodeni 700 g, Kruh kukuruzni miješani 500 g, Kruh bijeli t-550 650 g, Kruh bijeli t-550 rezani 650 g, Kruh sa suncokretom 600 g, Kruh zlatna pogača 500 g, Mlinarova šlapica kukuruzna 300 g, Mlinarova šlapica bijela 300 g, Tijesto za pizzu(1/4)-125 g, Kruh panonski 600 g, Kruh obiteljski 800 g, Somun 200 g, Pecivo ciabatta kukuruzna zp 143 g, Lukavi klipić zp 60 g, Perec zp 84 g, Kifla zp 84 g, Suvitol zp 66 g, Pecivo ciabatta zp 143 g, Lizika 200 g, Ferrero kocka 110 g, Čokoladna torta 1540 g, Nutela torta 1700 g, Jogurt torta 2100 g, Švarcvald torta 1700 g, Sacher torta 1960 g, Ferrero torta 1700 g, Torta ledena jagoda 1900 g, Torta ledena čokolada 1900 g, Torta ledena lješnjak 1900 g, Torta višnja 1700 g, Torta ferrero pn 1950 g, Torta nutela pn 1950 g, Torta čokoladna pn 1790 g, Jogurt torta 150 g, Torta švarcvald torta pn 1950 g, Torta sacher  2210 g, Torta ferrero 120 g, torta ledena jagoda 135 g, torta ledena čokolada 135 g, torta ledena lješnjak 135 g, Torta s višnjama pn 1950 g, Torta nutela exclusive 120 g, Torta s višnjama 135g, Čokoladna torta 110 g, Torta sacher exclusive 140 g, Torta nutella četvrtasta 1950 g, Torta ferrero četvrtasta 1950 g, Torta schwartzwald 135 g, Paule 330 g, Buhtla zp 200 g, Kukuruzni prutić 60 g, Burek motani sa sirom 300 g – zp, Burek mali motani sa sirom 180 g – zp, Burek mali motani s mesom 180 g – zp, Burek mali motani s jabukama 180 g – zp, Burek mali motani s višnjama 180 g – zp, Burek motani s mesom 300 g – zp, Burek mali motani sir-špinat 180 g – zp, Pita s mesom 150 g zp, Štapić sa šumskim voćem 90 g zp, Štapić s marelicom 90 g zp, Štapić sa sirom 90 g zp, Štapić sa sirom i špinatom 90 g zp, Štapić s jabukom 90 g zp, Štapić s višnjom 90 g zp, Štapić s mesom 90 g zp, Sirnica ug. 100g, Krumpiruša ug. 100g, Zeljanica ug. 100g, Burek s mesom ug. 100g, Kruh kukuruzni miješani rezani 500 g, Kruh primorski rezani 700 g, Kruh suvitol rezani 500 g, Kruh primorski 700 g, Kruh suvitol 500 g, Kruh švedski 650 g, Štapić mini sa sirom zp 6500g, Štapić mini sa sirom i špinatom zp 6500g, Štapić mini s jabukom zp 6500g, Štapić mini s višnjom zp 6500g, Štapić mini sa šumskim voćem zp 6500g, Štapić mini s marelicom zp  6500g, Štapić mini s krumpirom zp 6500g, Mini štapić sa sirom zp 30g, Mini štapić sa krumpirom zp 30g, Mini štapić s mesom zp 30g, Mini štapić sa šumskim voćem zp 30g, Mini štapić s marelicom zp 30g, Mini štapić s jabukom zp 30g, Mmini štapić s višnjom zp 30g, Mini štapić sa sirom i špinatom zp 30g, Proljetna salata 165g, Krušne mrvice 500g, Krušne mrvice rfs, Baguette kukuruzni pp zp 280g, Pecivo ciabatta bijela pp zp 110g, Bio pecivo lan sezam ppzp 44 g, Bio pecivo ppzp 86 g, Bučino pecivo-pp zp 44g, Delikatesna štangica-zp 82g, Pecivo domaće-pp zp 44g, Francuz bijeli pp zp 330g, Francuz kukuruzni pp zp 330g, Francuz s bučinim sjemenkama pp zp 340g, Kajzerica mlinar-zp 63g, Kukuruzna kiflica zp 35g, Kukuruzno miješano pecivo-zp 48g, Kruščić kukuruzni miješani sa sjemenkama pp zp 430g, Kruščić kukuruzni pp zp 430g, Kruščić raženi miješani sa sjemenkama pp zp 430g, Kukuruzno pecivo malo-pp zp 44g, Kukuruzno pecivo sa sjemenkama-pp zp 44g, Pecivo kukuruzno ppzp 76 g, Lisnato tijesto-zp 400g, Lješnjak štangica-zp 82g, Mini kukuruzni croissant-zp 35g, Mliječna kifla-zp 85g, Pita sa šum. Voćem i sirom-zp 145g, Pecivo malo bijelo-pp zp 44g, Pecivo s bučinim sjemenkama-ppzp 86 g, Pecivo suvitol-zp 48g, Raženo miješano pecivo pp zp 165g, Raženo miješano pecivo za sendvič pp zp 110g, Rustika kukuruzna-pp zp 270g, Rustika-pp zp 310g, Sendvič pecivo šlapica bijela-pp zp 165g, Slani klipić-zp 85g, Špic baguette raženi pp zp 110g, Štangica s višnjama-zp 82g, Tamni klipić-zp 84g, Piroška sa hrenovkom 144 g, Mediteranska kiflica, 35g, Štangica malina vanilija, 85 g, Štangica jabuka vanilija, 85g"
https://www.halal.hrhttp://www.naseklasje.hr,Naše klasje d.o.o.,"Raška ul. 35, 10000, Zagreb, Croatia",Producers,"Aurelia tortelloni- 4 vrste sira, Aurelia tortelloni- blltva, Aurelia tortelloni – puretina, Naše klasje tortellini- sir, Naše klasje tortellini- špinat, Naše klasje tortellini – puretina, Aurelia ravioli – istarski tartufi, Aurelia ravioli -ovčji sir, Aurelia tortelloni- kozji sir i crne masline, Aurelia ravioli- špinat i skuta u integralnom tijestu, Aurelia svježi rezanci, Aurelia široki rezanci, Aurelia zeleni rezanci, Aurelia špageti, Listovi za lazanje, „Aurelia” – kukuruzni koncentrat, “Fagovita” –  heljdin koncentrat, Rižino brašno, Risovita"
https://www.halal.hrhttps://ennafruit.hr/,Naturala d.o.o.,"Ul. Nikole Šubića Zrinskog 28, 33520, Slatina, Croatia",Producers,"Pasterizirani krastavci 350 g; 670 g; 2350 g; 4000 g, Pasterizirana paprika rezana 670 g; 1600 g; 2400 g, Pasterizirana paprika s kupusom 670 ; 2400 g, Pasterizirana cikla 670 g; 1600 g, 2400 g, 4100 g, Miješana salata 670 g; 1600 g; 2400 g, Ajvar uprženi blagi 700 g, Ajvar uprženi ljuti 700 g, Kompot višnja 680 g; 2600, Kompot šljiva 700 g; 4350 g, Džemovi od voća 350 g; 420 g; 860 g; 2500 g, Pekmez od šljive 350 g; 420 g, 860 g"
https://www.halal.hrhttps://new-bakery.com,NEW BAKERY d.o.o,"Tratinska ul. 72, 10412, Lukavec, Croatia",Producers,"Baklava, Baklava Bites, Baklava Mix."
https://www.halal.hrhttps://nutris.hr/,Nutris d.o.o.,"Varaždinska 68, 33520, Novi Senkovac, Hrvatska",Producers,"GPB001 NutriSmart P85A Proteinski izolat boba / NutriSmart P85A Fava bean protein isolate, GPB002 NutriSmart FBS Nativni škrob iz boba / NutriSmart FBS Fava bean native starch, GPK001 NutriSmart PP Protein iz krumpira / NutriSmart PP Potato protein, GPK002 NutriSmart PS Nativni škrob iz krumpira / NutriSmart PS Potato native starch"
https://www.halal.hrhttps://os-mgubec.eu,O.Š. Matije Gupca,"Ul. Davorina Bazjanca 2, 10000, Zagreb, Croatia",School institutions,
https://www.halal.hr,OPG Mujakić,"Poljana Čička 87B, 10410 Velika Gorica",SME,
https://www.halal.hrhttps://orgula.hr/,Orgula d.o.o.,"Stinice 12, 21000, Split, Hrvatska",,
https://www.halal.hrhttps://www.ouichef.hr,Oui Chef obrt za kuharske usluge i savjetovanje,"Ulica Hrvatskog proljeća 22a, 10000 Zagreb, Croatia",Hoteliers,
,Pan Pek d.o.o. Đakovo,"Vladimira Nazora 66, 31 400 Đakovo, Hrvatska",Producers,
https://www.halal.hrhttps://panpek.hr,PAN-PEK d.o.o,"Planinska ul. 2C, 10000, Zagreb, Croatia",Producers,"Ciabatta kruh 0,315, Ciabatta kruh kukuruzni miješani 0,315, Baguette bijeli 0,265, Baguette kukuruzni miješani 0,27, Kruh s maslinovim uljem 0,365, Ciabatta pecivo 0,11, Graham pecivo 0,06, Rustik 0,11, Rustik tamni 0,11, Goldy sendvič pecivo 0,11, Bučino pecivo 0,065, Goldy pecivo sa suncokretom 0,085, Klipić 0,083, Tamni klipić sa sjemenkama 0,083, Ciabatta mix pecivo 0,065, Bijeli polubaget 0,12, Kukuruzni miješani polubaget 0,12, Višezrnati polubaget 0,12, Krumpirov polubaget 0,12, Višezrnata ciabatta 0,08, Heljdino pecivo s orasima 0,065, Kukuruzno miješano  ciabatta pecivo 0,11, Mali bijeli baguette 0,12, Bijeli mini baguette 0,055, Baguette bijeli 0,25, Ciabatta pecivo 0,10, Ciabatta mini 0,03, Ciabatta mini mak 0,03, Ciabatta mini max 0,03, Ciabatta mini sezam 0,03, Ciabatta mini kukuruzna miješana 0,03, Baguette mini 0,04, Graham mini pecivo 0,04, Ciabatta mini ražena miješana mix 0,03, Bijeli polubaget 0,11, Klipić 0,08, Kukuruzno miješano ciabatta pecivo 0,10, 1001 Delights burek sa sirom 0,60, 1001 Delights pita sa krumpirom 6/1 0,60, Burek motani jabuka 0,29, Burek motani meso 0,29, Burek motani sir 0,29, Burek s junetinom 0,23, Burek s mesom 0,23, Burek s mesom 0,90, Burek s mesom 6/1 0,60, Burek sa sirom 6/1 0,60, Burek sir 0,25, Zvrk s mesom 0,15, Zvrk s višnjom 0,15, Zvrk sa sirom 0,13, Zvrk sa sirom i špinatom 0,15, Mini burek s mesom 0,10, Mini burek s krumpirom 0,10, Meksička rolica 0,11, Mini burek sir 0,10, Croamore burek sa sirom 6/1 0,60, Croamore pita s krumpirom 6/1 0,60, Croamore burek s mesom 6/1 0,60, Nostja pita s krumpirom 6/1 0,60, Nostja mini burek s mesom 6/1 0,60, Mini burek meso 0,10"
https://www.halal.hrhttps://www.pekar.hr,Pekar d.o.o.,"Obrtnička ul. 5, 32100, Vinkovci, Croatia",Producers,"KRUH BIJELI PŠENIČNI 700 g, KRUH BIJELI PŠENIČNI FRANCUZ 350, KRUH BIJELI PŠENIČNI SLAVONAC, KRUH BIJELI PŠEN.VINKOVAČKI REZANI, KRUH BIJELI PŠENIČNI OBITELJSKI, KRUH BIJELI PŠEN.GAZDIN 1000 g, KRUH POLUBIJ.PŠEN.OBITELJSKI TAMNI, KRUH PŠENIČNI POLUBIJELI 700 g, KRUH PŠEN.MIJEŠ.CIJELO ZRNO PŠENICE, KRUH MIJEŠANI PŠENIČNI KUMIN, KRUH KUKURUZNI MIJEŠANI 500 g, KRUH MIJEŠANI RAŽENI BAVARSKI, KRUH PŠEN.POLUBIJ.SPECIJAL CRNI, KRUH MIJEŠANI PŠEN.BUČIN 500 g, KRUH MIJEŠANI PŠEN.MINHENSKI, KRUH PŠENIČNI POLUBIJELI 500 g, KRUH PŠEN.POLUBIJELI 500 g REZANI, KRUH PŠENIČNI BIJELI 350 g, KRUH PŠENIČNI BIJELI VODENI, KRUH HELJDA, KUKURUZNI KALUP, KRUH BIJELI 350 G, KRUH SA SJEMENKAMA CHIE, KRUH PŠENIČNI POLUBIJELI 450 g, KRUH PŠENIČNI CRNI 500 g, KRUH PŠENIČNI POLUBIJELI 500 g, KRUH PŠENIČNI BIJELI 500 g, KRUH PŠENIČNI BIJELI DOMAĆI 500 g, KRUH PŠENIČNI MIJEŠANI CRNI 450, KRUH DOMAĆA POGAČA 400 g, KRUŠNE MRVICE 500 G, XXL BELBAKE – KRUŠNE MRVICE 600 G, BELBAKE KRUŠNE MRVICE 500 G, KRUŠNE MRVICE PANEA 200 g, KRUŠNE MRVICE PANEA 500 g, KRUŠNE MRVICE 500 g ARO, KRUŠNE MRVICE 200 g ARO, PECIVO KUKURUZNA MJEŠANA CIABATTA, PECIVO PŠENIČNO BIJELO 80 g, PECIVO PŠEN.BIJELO MINI KLIPIĆ, PECIVO PŠEN.BIJELO MINI 6/1 KO, PECIVO KUKURUZNO MIJEŠANO 80 g, PECIVO SA SJEMENKAMA 80 g, KAJZERICE 8/1, DOMAĆI SLANAC 80 g / 40 g, DOMAĆA LEPINJA SOMUN 200 G / 150 g / 120 g, DOMAĆI SLANAC 80 g / 40 g, HAMBURGER 40 G / 60 G / 75 G / 80 G / 110 G, BUREK SA SIROM MOTANI, MOTANI BUREK SA JUNETINOM, BUREK SA SIROM I PORILUKOM, BUREK SA KRUMPIROM, BUREK SA VIŠNJOM, BUREK SA JABUKOM"
https://www.halal.hrhttps://pelagos-net.hr,Pelagos Net farma d.o.o,"Gaženička cesta 28b, 23000 Zadar, Croatia",Producers,
https://www.halal.hrhttps://www.perlis.hr,Perlis d.o.o.,"Osječka ul. 205, 31221, Josipovac, Hrvatska",Producers,
https://www.halal.hrhttps://www.perutnina.hr,Perutnina Ptuj-Pipo d.o.o.,"Ul. Rudolfa Steinera 7, 40000, Čakovec, Croatia",Slaughterhouses,"Poli mini 220g/5,72g, Poli mini 220g/3,52kg, Poli 350g/3,5kg, Poli 500g/6kg, Poli 500g/15kg, Poli 1000g/6kg, Poli cca. 1000g/6,6kg, Poli cca. 1000g/15kg, Poli maxi cca. 2500g/15kg, Poli light mini 220g/5,72kg, Poli light 500g/6kg, Poli sa sirom mini 220g/5,72kg, Poli sa sirom 500g/6kg, Poli s povrćem mini 220g/5,72kg, Poli s povrćem 500g/6kg, POLI PATE 120g/1,44kg, Pileća jetrena pašteta 100g/1,5kg, Pileća jetrena pašteta 400g/4,8kg, Extra 350g/3,5kg, Extra 500g/6kg, Extra 1000g/6kg, Extra cca. 1250g/15kg fi 75, Extra s povrćem 350g/3,5kg, Extra s povrćem 500g/6kg, Extra sa sirom 350g/3,5kg, Extra sa sirom 400g/5,6kg, Extra sa sirom cca. 1250g/15kg fi 75, Slim&fit pileća prsa 200g/2,8kg, Slim&fit pileća prsa 500g/6kg, Slim&fit pileća prsa cca. 1250g/15kg fi 75, Dimko (dimljena pileća prsa) 500g/6kg, Mini pileće hrenovka bo 100g/3,5kg, Pileća hrenovka bo 210g/2,52kg, Pileća hrenovka bo 1000g/5kg, Pileća hrenovka koktel&piknik 500g/6kg, Pileća hrenovka koktel&piknik 1000g/5kg, Pileća hrenovka sa sirom 220g/2,64kg, Extra pileća hrenovka 250g/6kg, Extra pileća hrenovka 500g/6kg, Extra pileća hrenovka 1000g/5kg, Extra pileća hrenovka 250g (200+50gratis)/6kg, Extra pileća hrenovka 500g (400+100gratis)/6kg, Extra pileća hrenovka 1000g (800+200gratis)/5kg, Pileći toast narezak cca.2600g/5,2kg, Pileći toast narezak 400g/3,2kg, Exclusive pileća šunka cca.2600g/5,2kg, Exclusive pileća šunka 400g/3,2kg, Exclusive pureća šunka cca.2600g/5,2kg, Exclusive pureća šunka 400g/3,2kg, Slim&Fit dimljena pileća šunka cca. 1000g/2kg, Slim&Fit dimljena pileća šunka s paprom cca. 1000g/2kg, Međimursko pile cca. 1100 g rinfuza, Međimursko pile cca. 1200 g rinfuza, Međimursko pile cca. 1300 g rinfuza, Međimursko pile cca. 1,5 kg rinfuza, Međimursko pile 1100 g rinfuza, Međimursko pile 1200 g rinfuza, Međimursko pile 1300 g rinfuza, Pp pile podložak, Domaće pile podložak, Međimursko pile podložak, Pileći batak rinfuza, Pileći zabatak rinfuza, Pileći zabatak bez kože rinfuza, Pileći batak sa zabatkom rinfuza, Pileća prsa rinfuza, Pileća prsa bez kože rinfuza rinfuza, Pileća prsa polovice rinfuza, Pileća prsa bez kože polovice rinfuza, Pileći file rinfuza, Pileća krila rinfuza, Pileći krilni batak rinfuza, Pileća krila srednji dio rinfuza, Pileći hrbat (2x4kg) rinfuza, Pileći vrat (2x4kg) rinfuza, Pileća jetra (2x4kg) rinfuza, Pileći želudac (2x4kg) rinfuza, Pileći batak-zabatak~1000g, Pileća prsa cca. 1000 g vrećica, Pileći file cca. 1000 g vrećica, Međimursko pile cca.1000 g vrećica, Međimursko pile cca.1100 g vrećica, Međimursko pile cca.1200 g vrećica, Međimursko pile cca.1300 g vrećica, Međimursko pile cca. 1,5 kg vrećica, Međimursko pile cca. 1,8 kg vrećica, Međimursko pile 1000 g vrećica, Međimursko pile 1100 g vrećica, Međimursko pile 1200 g vrećica, Međimursko pile 1300 g vrećica, Pileći batak 440g/1,76kg map, Pileći zabatak 560g/2,24 map, Odrezak pilećeg zabatka 500g/2kg map, Pileći zabatak bez kože 500g/2kg map, File pilećeg zabatka 480g/1,92kg map, Pileći batak i zabatak 500g/2kg map, Pileća prsa 600g/2,4kg map, Pileća prsa bez kože 540g/2,16kg map, Pileći file 640g/2,56kg map, Pileća krila 540g/2,16kg map, Pileća jetra500g/2kg map, Pileći želudac500g/2kg map, Pileći batak 440g/3,52kg map, Pileći zabatak 560g/4,48 map, Odrezak pilećeg zabatka 500g/4kg map, Pileći zabatak bez kože 500g/4kg map, File pilećeg zabatka 480g/3,84kg map, Pileći batak i zabatak 500g/4kg map, Pileća prsa 600g/4,8kg map, Pileća prsa bez kože 540g/4,32kg map, Pileći file 640g/5,12kg map, Pileća krila 540g/4,32kg map, Pileća jetra 500g/4kg map, Pileći želudac 500g/4kg map, Pileći batak 880g/3,52kg map, Pileći zabatak 840g/3,36kg map, Odrezak pilećeg zabatka 800g/3,2kg map, Pileći zabatak bez kože 750g/3kg map, File pilećeg zabatka 960g/3,84kg map, Pileći batak i zabatak 750g/3kg, Pileća prsa 900g/3,6khg, Pileća prsa bez kože 810g/3,24kg map, Pileći file 860g/3,44kg map, Pileća krila 900g/3,6khg, Pileći batak cca. 3,6kg map, Pileći zabatak cca. 3,6kg map, Pileći zabatak bez kože cca. 3,6kg map, Pileći batak sa zabatkom cca. 3,6kg map, Pileća prsa cca. 3,6kg map, Pileći file cca. 4kg map, Pileća krila cca. 3kg map, Mix family 910g/3,64kg map, Mix quality 880g/3,52kg map, Mix wien 900g/3,6kg map, Vital mix 870g/3,48kg map, Mix trend 380g/3,04kg map, Mix za juhu 390g/3,12kg map, Mix trend 380g/1,52kg map, Mix za juhu390g/1,56kg map, , Marinirano međimursko pile cca. 1100g rinfuza, Marinirano međimursko pile 1100g rinfuza, Začinjeno pile cca. 1500g podložak, Marinirani pileći batak 500g/2kg map, Marinirana pileća krila 500g/2kg map, Marinirani pileći batak 500g/4kg map, Marinated chicken drumstick 500 g/4 kg map packaging, Marinirana pileća krila 500g/4kg map, Marinated chicken wings 500 g/4 kg map packaging, Marinirani pileći batak 3,6kg map, Marinated chicken drumstick 3,6 kg map packaging, Marinirani pileći zabatak 3,6kg map, Marinated chicken thighca. 3,6 kg map packaging, Marinirani batak sa zabatkom cca. 3,6kg map, Marinated chicken leg quarter ca. 3,6 kg map packaging, Marinirani pileći file cca. 4kg map, Marinated chicken fillet ca. 4 kg map packaging, Marinirana pileća krila cca. 2,7kg map, Marinated chicken wings ca. 2,7 kg map packaging, Piknik mix 870g/3,48kg map, Picnic mix 870g/3,48kg map packaging, Marinirani pileći ražnjići 450g/2,7kg map, Marinated chicken kebab 450g/2,7kg  map packaging, Marinirani pileći ražnjići cca. 2,7kg map, Marinated chicken kebab ca. 2,7 kg  map packaging, Međimursko pile cca. 1000 g, Međimurje chicken ca. 1000 g, Međimursko pile cca. 1100 g, Međimurje chicken ca. 1100g, Međimursko pile cca. 1200 g, Međimurje chicken 1200g, Međimursko pile cca. 1300 g, Međimurje chicken 1300g, Međimursko pile ~1,5 kg, Međimurje chicken ~1,5kg, Međimursko pile 1000 g, Međimurje chicken 1000 g, Međimursko pile 1100 g, Međimurje chicken 1100 g, Međimursko pile 1200 g, Međimurje chicken 1200 g, Međimursko pile 1300 g, Međimurje chicken 1300 g, Pileći batak 8xcca.1kg vrećica, Chicken drumstick 1 kg bag, Pileći zabatak 8xcca.1kg vrećica, Chicken thigh 8xca. 1 kg bag, Pileći batak-zabatak 8xcca.1kg vrećica, Chicken leg quarter 8xca. 1 kg bag, Pileća prsa 8xcca.1kg vrećica, Chicken breast 1 kg bag, Pileći file 8xcca.1kg vrećica, Chicken fillet 8xca. 1 kg bag, Pileća krila 8xcca.1kg vrećica, Chicken wings 1 kg bag, Pileća jetra cca.500g/6kg podložak, Chicken liver ca. 500 g/6kg on tray, Pileći želudac cca.500g/6kg podložak, Chicken gizzards ca.500g/6kg on tray, Usitnjeno pileće meso 500g/6kg ovitak 500g/6 kg in casing, Pileći kebab döner 5 kg, Pileći kebab döner 10 kg, Pileći kebab döner 15 kg, Pileći kebab döner 20 kg"
https://www.halal.hrhttps://www.pgorehovec.hr,PG Orehovec,"Ul. Franje Sovića 31a, 42231, Veliki Bukovec, Hrvatska",SME,
https://www.halal.hrhttps://pikrijeka.hr,PIK d.d. Rijeka,"Krešimirova ul. 26, 51000, Rijeka, Croatia",Producers,"Sušena tjestenina s jajima (kratka), Sušena tjestenina durum (kratka i duga), Sušena tjestenina integralna (kratka i duga), Sušena tjestenina s dodatkom povrća (kratka i duga), Instant mlinski proizvod kukuruzne krupice"
https://www.halal.hrhttp://www.pik-vrbovec.hr/,PIK Vrbovec plus d.o.o.,"Zagrebačka ul. 148, 10340, Vrbovec, Croatia",Slaughterhouses,"Halal klanje junadi/goveda, Halal juneće/goveđe meso, Halal juneće/goveđe mljeveno meso"
https://www.halal.hrhttp://www.podravka.hr,Podravka d.d - Tvornica voća i povrća (Kalnik),"Ul. Ante Starčevića 32, 48000, Koprivnica, Croatia",Producers,"Ajvar blagi st. 195g, Ajvar ljuti st. 195g, Ajvar blagi st. 350g, Ajvar ljuti st. 350g, Ajvar blagi st. 690g, Ajvar ljuti st. 690g, Ajvar blagi 2600g, Ajvar blagi lim. 4000g, Ajvar blagi, uprženi, 350g, Ajvar ljuti, uprženi, 350g, Ajvar blagi, uprženi, 690g, Hren st. 200 g, Hren st. 345g, Hren st. 660g, Ketchup blagi 20g, Feferoni blagi st.600g, Feferoni blagi st. 300g, Feferoni ljuti st. 310g, Feferoni ljuti st. 630g, Miješana salata st. 660g, Miješana salata lim. 4,1kg, Paprika sa sj. Lož. 620g, Paprika sa sj. Lož. 1,45kg, Paprika sa sj. Lož. 2,3 kg, Paprika sa sj. Lož. 3,8kg, Paprika rezana-m 4,1kg, Paprika rezana 680g, Đuveč lim 3,95kg, Đuveč lim. 770g, Đuveč lim. 380g, Zelene masline 310g, Zelene masline 560g, Masline otkoštič. 280g, Masline otkoštič. 530g, Masline s paprik. 300g, Masline s paprik. 550g, Grah smeđi 400 g, Grah smeđi 800 g, Grah smeđi 800 g + 20% gratis, Grah smeđi 2500 g, Salsa blaga st. 410g, Salsa ljuta st. 410g, Umak s bosiljkom st. 410g, Umak sa šampinjonima st. 410g, Baza za umak bolognese st. 410g, Grašak lim. 280g, Grašak lim. 420g, Grašak lim. 850g, Grašak lim. 4,2kg, Mahune lim. 420g, Mahune limenka 800g, Mahune lim. 4,1kg, Mrkva kockice lim. 4,2kg"
https://www.halal.hrhttp://www.podravka.hr,Podravka d.d. - Tvornica dječje hrane i kremnih namaza,"Ul. Ante Starčevića 32, 48000, Koprivnica, Croatia",Producers,"Lino čokolino 1 kg, Lino čokolino 500 g, Lino čokolino 200 g, Lino čokolino plus vrećica 400 g, Lino čokolino fit vrećica 400 g, Lino čokolino 750 g, Čokolino fit 60 g, Čokolino plus 60g, Čokolino 60, Lino lješnjak čokolino 1 kg, Lino lješnjak čokolino 500 g, Lino lješnjak čokolino 200 g, Lino keksolino 500 g, Lino keksolino 200 g, Lino keksolino jabuka 200 g, Lino grisolino 200 g, Lino karamelino 200 g, Lino frutolino 200 g, Lino medolino 200 g, Lino rižolino 150 g, Lino vanilino 200 g, Lino rižolino voće 150 g, Čoko 500 g, Čoko 1 kg, Čokolešnik 1 kg, Čokolešnik 500 g, Čokolešnik 200 g, Čokolešnik 380g, Čokolešnik 800g, Lino gris 200 g, Lino gris 400 g, Lino lada duo 2,5 kg, Lino lada duo 200g, Lino lada duo 400 g, Lino lada milk 200 g, Lino lada milk 400 g, Lino lada duo 50 g, Linolada milk 750g, Lino lada duo 750 g, Lino lada nougat 350g, Lino lada nougat 400g, Lino lada nougat 200 g, Lino lada nougat 30 g, Lino lada milk 20 g, Lino lada duo 20 g, Lino lada duo 100 g, Lino lada nougat 20 g, Lino lada ts 10 kg, Promo lino lada duo 550 g, Promo lino lada duo 200 g, Promo lino lada milk 550 g, Promo lino lada milk 200 g, Promo lino lada nougat 200 g, Lino čoko drink 800 g, Lino čoko drink doza 800 g, Mljeveni šećer (interno i b2b)"
https://www.halal.hrhttp://www.podravka.hr,Podravka d.d. - Tvornica mesnih proizvoda,"Ul. Ante Starčevića 32, 48000, Koprivnica, Croatia",Producers,
https://www.halal.hrhttp://www.podravka.hr,"Podravka d.d. - Tvornica slastica, snacka i žitarica","Ul. Ante Starčevića 32, 48000, Koprivnica, Croatia",Producers,"Čokoladni muffins 350g, Čokoladni muffins 1,2 kg, Gussnel 200 g, Gussnel 250g, Gussnel 1 kg, Krema za kolače čokolada 150 g, Krema za kolače čokolada 1 kg, Ledena fantazija okus čokolada 85 g, Ledena fantazija okus lješnjak 75g, Mliječni puding čokolada 25 kg, Mliječni puding okus lješnjak čokolada 25 kg, Mliječni puding okus vanilija 25 kg, Muffins 350g, Muffins 1,2 kg, Prašak za pecivo 1 kg, Prašak za pecivo 12 g, Prašak za pecivo 40 kg, Preljev za torte 13g, Preljev za torte 1 kg, Premium puding čokolada 53g, Puding okus lješnjak 1kg, Puding okus lješnjak 40g, Puding okus vanilija 37g, Puding okus vanilija 40g, Puding okus vanilija 74g, Puding okus vanilija 80g, Puding okus nougat premium 48g, Puding okus čokolada 1kg, Puding okus čokolada 90g, Puding okus čokolada 86g, Puding okus čokolada 45g, Puding okus čokolada 43g, Puding okus vanilija 1kg, Soda bikarbona 40g, Sredstvo za dizanje, Šlagfix 1kg, Šlagfix 8g, Vanilin šećer 1 kg, Vanilin šećer 10g, Vanilin šećer u prahu 100g, Želin 2:1 40g, Želin 75g, Želirni šećer 500g, Kviki pereci 50g, Kviki pereci 100g, Kviki pereci 130g, Kviki pereci 200g, Kviki maxi pereci 200g, Kviki štapići 50g, Kviki štapići 65g, Kviki štapići 100g, Kviki štapići 130g, Kviki štapići 220g, Kviki ribice 50g, Kviki ribice 100g, Kviki ribice 130g, Kviki ribice 200g, Kviki gric slani 50g, Kviki gric slani 50g – promo (žuja , zlatendab), Kviki gric slani 100g, Kviki kreker slani 100g, Kviki kreker slani 200g, Mini kreker 50g, Kviki navijački mix 300g, Lino baby keks 140g, Lino baby mljeveni keks 400kg (interno), Mješavina za palačinke 200g, Vafli – mješavina za tijesto 1 kg, Mljeveni keks s maslacem 400kg (interno), Lino mini pillows jastučići punjeni mliječnim krem-proizvodom, Lino mini pillows jastučići punjeni kakao krem-proizvodom, Lino crunch jagoda žitne kuglice s okusom šumske jagode, Lino baby kukuruzni flips 25g, Instant kakao napitak instant za kakaov napitak, Lino čoko drink zrnca za kakaov instant-napitak 15g, Lino čoko drink zrnca za kakaov instant-napitak 15g promo, Lino čoko drink zrnca za kakaov instant-napitak 150g, Lino čoko drink zrnca za kakaov instant-napitak 330g, Lino čoko drink zrnca za kakaov instant-napitak 800g, Lino jagoda drink instant napitak s okusom šumske jagode 300g, Kviki gric slani 60g, Lino crisp hrskava riža s čokoladom 250g, Lino crisp hrskava riža s čokoladom 450g, Lino crunch duo žitne kuglice s okusom čokolade i vanilije 225g, Lino crunch duo žitne kuglice s okusom čokolade i vanilije 500g, Lino crunch žitne kuglice s okusom čokolade 225g, Lino crunch žitne kuglice s okusom čokolade 225g + 20%, Lino crunch žitne kuglice s okusom čokolade 375g, Lino crunch žitne kuglice s okusom čokolade 375g + 20%, Lino crunch žitne kuglice s okusom čokolade 500g, Lino njammy žitni medvjedići s okusom čokolade 275g, Lino njammy žitni medvjedići s okusom čokolade 275g + 25%, Lino pillows jastučići punjeni mliječnim krem-proizvodom 80g, Lino pillows jastučići punjeni mliječnim krem-proizvodom 250g, Lino pillows jastučići punjeni mliječnim krem-proizvodom 500g, Lino pillows jastučići punjeni kakao krem-proizvodom 80g, Lino pillows jastučići punjeni kakao krem-proizvodom 250g, Lino pillows jastučići punjeni kakao krem-proizvodom 500g, Lino pillows kokos hrskavi jastučići punjeni mliječnim krem proizvodom s okusom kokosa 250g, Prhki kolačići 400g, Biskvit fantazija 400g, Kakao u prahu 100g, Mljeveni keks za kolače 300g, Instant suhi kvasac 7g, Instant suhi kvasac 7g 4+1 gratis, Instant suhi kvasac 100g, Instant suhi kvasac 450g"
https://www.halal.hrhttp://www.podravka.hr,"Podravka d.d. - Tvornica Vegete, juha i tjestenine","Ul. Ante Starčevića 32, 48000, Koprivnica, Croatia",Producers,"Dalmatinska juha 1,5kg, Dalmatinska juha 60g, Fant za ćufte 60g, Fant za fina variva 40g, Fant za fini gulaš iz pećnice 50g, Fant za grah i variva 60g, Fant za gulaš i paprikaš 65g, Fant za lazanje 80g, Fant za pečenu piletinu eci-peci 20g, Fant za riblju juhu 60g, Fant za riblju juhu ljuti 60g, Fant za slavonski čobanac 90 g, Fant za slavonski čobanac ljuti 90g, Fant za špagete bologneze 60g, Fant za špagete milaneze 70g, Fant za zapečeni grah 60g, Fant za zapečenu tjesteninu bolognese 60g, Fant za zapečenu tjesteninu s 4 vrste sira 70g, Fant za zapečenu tjesteninu sa šunkom i sirom 50g, Fini-mini povrtna juha 16g, Gris knedli 60g, Kokošja juha instant 18g morh, Krem juha od brokule 1kg, Krem juha od brokule i cvjetače 66g, Krem juha od cvjetače 1kg, Krem juha od graška 1kg, Krem juha od rajčice 1,5kg, Krem juha od šparoga 1kg, Krem povrtna juha 1kg, Makaroni napoletana 160g, Podravka juhica okruglica 54g, Podravka juhica zvjezdica 55g, Povrtna juha 1kg, Proljetna juha 1kg, Proljetna juha 60g, Svatovska juha 58g, Špageti s rajčicom i mozzarellom 150g, Talijanski dressing 1kg, Tirolska juha 67g, Tjestenina sa 4 sira 145g, Tjestenina smazolina 145g, Umak za pečenje 500g, Vegeta twist za grill 20g, 25g, 50g, Vegeta twist za krumpir 20g, 40g, Vegeta twist za piletinu 20g, 25g, 50g, Vegeta twist za ribu 25g, 50g, Vegeta twist za salatu 20g, 40g, Vegeta, vrećica 75g, Vegeta, vrećica 150g, Vegeta, vrećica 250g, Vegeta, vrećica 500g, Vegeta, vrećica 1kg, Vegeta, vrećica 2kg, Vegeta, vrećica 10kg, Vegeta natur, vrećica 150g, Vegeta natur, kart. Doza 300g, Vegeta, staklena doza 400g, Vegeta bočica 200g, Vegeta twist grill, bočica 170g, Vegeta twist piletina, bočica 170g, Vegeta twist riba, bočica 170g, Vegeta twist salata, bočica 160g, Vegeta twist grill pikant, bočica 150g, Vegeta twist grill češnjak-slatka paprika, bočica 150g, Vegeta twist za hrskave krumpiriće, bočica 150g, Vegeta slatka paprika mix, vr. 100g, Vegeta češnjak mix, vr. 100g, Vegeta slatka paprika mix, doza 150g, Krem juha od rajčice 60g, Krem juha od brokule 57g, Fant za kosani odrezak 90g, Fant za kosani odrezak gastro 1kg, Fant za ćevapčiće, pljeskavice i hamburgere 40g, Fant za papriku i sarmu 60g, Fant za punjene paprike iz pećnice 30g, Fant za sočne mesne okruglice iz pećnice 50g"
https://www.halal.hrhttp://www.podravka.hr,Podravka d.d. - Tvornica Voće,"Ul. Ante Starčevića 32, 48000, Koprivnica, Croatia",Producers,"Voć.nam.marelica pos.namj.30kg, Voćni namaz šipak 1 kg, Voćn.nam.miješano voće 1 kg, Voćni namaz marelica 1 kg, Voćni namaz marelica 500 g, Voćni namaz miješano voće 500g, Voćni namaz šipak 500g, Džem miješano voće 20 g, Džem miješano voće 380 g, Džem miješano voće 710 g, Džem šipak 20 g, Džem šipak 380 g, Džem šipak 710 g, *džem marelica 20 g, *džem marelica 380 g, *džem marelica 710 g, Džem višnja 20 g, Džem višnja 380 g, Džem brusnica 380 g, Džem aronija 370 g, Džem borovnica 20 g, Džem jagoda 20 g, Džem malina 20 g, Džem kupina 20 g, Voćni namaz miješano voće 3 kg, Voćni namaz miješano voće 6 kg, Voćni namaz miješano voće 11 kg, Voćni namaz miješano voće 30 kg, *voćni namaz marelica 3 kg, *voćni namaz marelica 11kg, *voćni namaz marelica 6 kg, *voćni namaz marelica 30 kg, Džem malina 5 kg, Džem borovnica 5 kg, Voćni namaz višnja 11 kg, Džem šipak 710 g, Pekmez od šljiva 370 g, Pekmez od šljiva 260 g, Pekmez od šljiva 11 kg, Pekmez od šljiva 680 g, Pekmez šljiva 680 g 15% gr., Džem extra borovnica 240 g, Džem extra breskva 240 g, Džem extra jagoda 240 g, Džem extra šumsko voće 240 g, Džem od šumskog voća 2,2 kg, Džem od breskve 2,5 kg, Džem od borovnice 2,5 kg, Džem od jagode 2,5 kg, Džem od višanja 2,2 kg, Med cvjetni pvc 20 g, Med cvjetni 900 g, Med cvjetni 450g, Med lipa 900 g, Med lipa 450g, Med bagrem 900g, Med bagrem 450g, Punilo od jabuka 5 kg, Punilo od višanja 25 kg, Punilo od višanja 5 kg, Punilo od višanja – 2 pp 10 kg, Punilo od jabuka 10 kg, Punilo od višanja 10 kg, Marmelada grejp 2,5 kg, Marmelada limun 2,5 kg, Marmelada naranča 2,5 kg, Lino džem marelica 240g, Lino džem jagoda 240g, Nadjev od višanja 630 g, *ts voćni nadjev marelica 6 kg, *ts voćni nadjev marelica 11 kg, *ts voćni nadjev marelica 30 kg"
https://www.halal.hrhttps://prodantartufi.hr,Prodan tartufi d.o.o.,"Prašćari 38, 52420, Buzet",Producers,
https://www.halal.hrhttps://www.companywall.hr/tvrtka/produkt-komerc-d-o-o/MM1EBjpq,Produkt Komerc d.o.o.,"Heki, Croatia",Slaughterhouses,"Ćevapčići juneći, Pljeskavica 100 g, Juneće meso-polovica, Juneći obresci, Juneći milanski rez bez bifteka, Juneći milanski rez, Juneći but, Juneća prednja četvrt, Juneći biftek, Juneće srce, Juneći rep, Juneći jezik, Juneća jetra, Juneća pluća, Juneće tripe, Juneći bubreg bijeli, Juneće glave bk, Juneći flam, Juneća rebra, Juneća plećka bk, Juneći rozbif bk, Juneći rozbif sa biftekom, Juneći crni bubreg, Juneći loj, Juneće meso bk, Juneći ramstek sk bez filea, Juneći but bk, Juneća lica, Juneći kotlet, Juneće mljeveno meso, Juneće njuške, Juneći grkljan, Juneće kosti bez mesa, Juneće kosti s mesom, Ćevapčići teleći, Teleće meso-polovica, Teleći komplet, Teleća lopatica bk, Teleća prednja četvrt s flamom, Teleće srce, Teleći jezik, Teleća jetra, Teleći rep, Teleće tripice, Teleći milanski rez, Teleći but, Teleći ramstek, Teleći rozbif, Teleći vrat sk, Teleći flam, Teleći biftek, Teleća rebra, Teleća prednja četvrt bk, Teleća koljenica, Teleći but bk, Teleće meso fo, Teleći kare, Teleća lopatica, Teleći loj, Teleća prsa, Goveđe meso-polovica, Goveđe meso bk, Goveđa prednja četvrt, Goveđi rozbif, Goveđi but, Goveđe žile, Goveđe mljeveno meso, Goveđi ramstek, Janjeće meso, Janjeća tripa"
https://www.halal.hrhttps://www.friska-riba.hr/,Ribarska zadruga Friška riba,"Put Brižina 5, 21212, Kaštel Sućurac, Hrvatska",Retail,
https://www.halal.hrhttps://www.sheratonzagreb.hr,Sheraton Zagreb Hotel,"Trg Krešimira Ćosića 9, 10000, Zagreb, Croatia",Hoteliers,
https://www.halal.hrhttps://skokic-doo.business.site,Škokić d.o.o.,"Put Strinje 68, 21212, Kaštel Sućurac, Croatia",Slaughterhouses,"Halal klanje junadi/goveda, Halal klanje teladi, Halal klanje janjadi, Halal klanje bravadi, Mesne prerađevine"
https://www.halal.hr,Studio Nine d.o.o.,"Radnička cesta 20 A, Zagreb, Hrvatska",Travel agencies,
https://www.halal.hr,Svježa hrana d.o.o.,"Horvatova 37, 10000, Zagreb, Hrvatska",Restaurants,
https://www.halal.hrhttp://www.genox.hr,TLK Ekologija d.o.o.,"Ul. bana Josipa Jelačića 25, 10410, Velika Gorica, Hrvatska",Producers,
https://www.halal.hrhttps://www.termesvetimartin.com,Toplice Sveti Martin d.d.- Hotel Spa Golfer,"Izvorska 3, 40313, Sveti Martin na Muri, Croatia",SPA,
https://www.halal.hrhttp://www.tvornica-ulja.hr,Tvornica ulja Vinkovci d.o.o.,"Šokačka ulica 26, 32100 Vinkovci",Producers,
https://www.halal.hr,Valipile d.o.o.,"Ive Polite 62, Sesvetski Kraljevec (Zagreb), Croatia",Producers,
https://www.halal.hrhttp://www.vindija.hr,Vindija d.d.,"Gospodarska ulica 27, 42 000 Varaždin, Hrvatska",Producers,"Svježe mlijeko 3,2% mm 1l T-REX, Svježe mlijeko 3,2% mm 5l, Svježe mlijeko 3,2% mm 1l PET, Svježe mlijeko 1,5% mm 1l PET, Svježe mlijeko 3,2% mm 1,75 l PET, Svježe mlijeko 1,5% mm 1,75 l PET, Svježe mlijeko “21” 3,2% mm 1 l PET, Svježe mlijeko “21” 1,5% mm 1 l PET, Mlijeko “21” 1,0% mm 1 l PET, UHT PROIZVODI, UHT mlijeko 2,8% mm 1l, UHT mlijeko 2,8% mm 1l slim bez čepa, UHT mlijeko 2,8% mm 1l slim s čepom, UHT mlijeko 2,8% mm 6×1, UHT mlijeko 2,8% mm 0,5l, UHT mlijeko 2,8% mm 0,5l x 16 karton, UHT mlijeko 2,8% mm 0,2l, UHT mlijeko 2,8% mm 2l s čepom, UHT mlijeko 2,5% mm 1,5l s čepom, UHT mlijeko 2,5% mm 4×1,5l, UHT mlijeko 1,5% mm 1l s čepom, UHT mlijeko 2,8% mm 2,1l s čepom, UHT mlijeko 1,0% mm 1l s čepom, UHT mlijeko 0,9% mm light 1l s čepom, UHT mlijeko 0,9% mm light 0,5l, UHT mlijeko 3,5% mm 1l s čepom, UHT mlijeko s dodat. kalcija 1,6% mm 1l s čepom, UHT mlijeko s dodat. kalcija 0,9% mm 2l s čepom, UHT kozje mlijeko 1l s čepom, UHT kozje mlijeko 0,5l, UHT kozje mlijeko 3,0% mm 0,2l, UHT mlijeko za cappuccino 2,8% mm 1l s čepom, UHT EFEKT mlijeko OMEGA 3 1l slim s čepom, UHT EFEKT mlijeko BEZ LAKTOZE 1l slim s čepom, UHT čokoladno mlijeko 1l s čepom, UHT čokoladno mlijeko 0,5l slim, UHT čokoladno mlijeko 0,2l, UHT čokoladno mlijeko 0,5 l, VINDINO čokoladno mlijeko 0,2 l, UHT Popy shake ČOKOLADA 0,16l, UHT Popy shake VANILIJA 0,16l, UHT vrhnje za šlag 36% mm 0,5l slim, UHT vrhnje za šlag 36% mm 0,2l, UHT vrhnje za kavu 10% mm 0,2l, UHT vrhnje za kuhanje 1l, UHT vrhnje za kuhanje 0,5l, UHT vrhnje za kuhanje 0,2l, UHT vrhnje za kuhanje 0,5l PET, Jogurt 2,8% mm 150 g, Jogurt 2,8% mm 180 g, Jogurt 2,8% mm 200 g, Jogurt 2,8% mm 500 g, Jogurt 2,8% mm 600 g (4×150 g), Jogurt 2,8% mm 900 g (6×150 g), Jogurt 2,8% mm T-REX 1000 g, Jogurt light 0,9% mm 180 g, Jogurt light 0,9% mm 200 g, Jogurt light 0,1% mm 200 g, Jogurt 2,8% mm PET boca 200 g, Jogurt 2,8% mm PET boca 500 g, Jogurt 2,8% mm PET boca 1000 g, Jogurt 2,8% mm PET boca 1750 g, Jogurt light 0,9% mm PET boca 500 g, Jogurt light 0,9% mm PET boca 1000 g, VILIKIS jogurt natur 150 g, Kiselo mlijeko 3,2% mm 200 g, Kiselo mlijeko 3,2% mm 400 g, Kefir 3,5% mm 200 g, Kefir 3,5% mm 400 g, Kefir 0,9% mm 200 g, Kefir 0,9% mm 400 g, Acidofilno mlijeko 3,2% mm 200 g, Acidofilno mlijeko 3,2% mm 400 g, Kefir 3,5% mm 1000 g PET boca, Acidofilno mlijeko 3,2% mm 1000 g PET boca, “FRESKA” voćni jogurt – breskva 200 g, “FRESKA” voćni jogurt – višnja 200 g, “FRESKA” voćni jogurt -jagoda 200 g, “FRESKA” voćni jogurt – brusnica 200 g, “FRESKA” voćni jogurt – breskva 500 g, “FRESKA” voćni jogurt – jagoda 500 g, “FRESKA” voćni jogurt jagoda/breskva 500 g (4x125g), “FRESKA” voćni jogurt šum.voće/višnja 500 g (4x125g), “FRESKA” DRINK voćni jogurt BRESKVA 150 g, Kiselo vrhnje 12% mm 200 g, Kiselo vrhnje 20% mm 200 g, Mileram kiselo vrhnje 22% mm 400 g, Mileram 22% mm 1000 g kantica, Domaće kiselo vrhnje za svježi sir 25% mm 300 g, Kiselo vrhnje 25% mm 1000 g kantica, Mileram 30% mm pak. rinfuza 5 kg, FORTIA natur 150 g čaša, FORTIA voćni jagoda-grožđe-crni ribiz 150 g čaša, FORTIA natur 200 g PET, FORTIA jagoda-grožđe-crni ribiz 200 g PET, FORTIA natur 1000 g PET, FORTIA natur 500 g (4x125g), FORTIA jagode žit.-žitarice 500 g (4x125g), VITAKTIV natur 200 g PET, VITAKTIV brusnica-jabuka 200 g PET, VITAKTIV natur 1000 g PET, VINDINO natur jogurt 400 g čaša (4×100 g), VINDINO voćni jogurt 400 g čaša (4×100 g), VINDINO tekući jogurt natur 200 ml PET, Puding VANILIJA 125 g, Puding ČOKOLADA 125 g, Puding ČOKOLADA 125 g 4x125g”3+1 gratis”, Puding LJEŠNJAK-ČOKOLADA 125 g, Vindino mliječni desert lješnjak-čokolada 4x60g, Puding vanilija sa šlagom 500 g (4x125g), Puding čokolada sa šlagom 500 g (4x125g), Choco-loco 500 g (4×125 g), Bovi blue forma 45% mm 2,5 kg, Bovizola a 4,8 kg, Bovizola 600 g (6x100g), Bovizola kriška 150 g map, Caprozola a 4,8 kg, Caprozola 6 x 100 g, Caprozola kriška cca 300 g, Camembert 250 g, Caprilo 100 g, Svježi sir polumasni 500 g, Svježi sir polumasni rinfuza 5 kg, Svježi sir mascarpone 500 g, Varaždinski svježi sir u sirnoj marami 800 g, Bel vi a 1,25 kg, Bel vi kriška 1/4, Capron a 1,25 kg, Capron kriška 1/8, Grabancijaš kriška 5 kg, Grabancijaš 1 kg – kantica, Fetaca kriška 2,5 kg, Ovis feta kriška 2,5 kg, Capro fresh 280 g, Ovi (ovčja) skuta 600 g kantica, Bovi (kravlja) skuta 600 g kantica, Bovi fresh 280 g, Varaždinec 1600 – 1800 g, Varaždinec a 800 g, Varaždinec 200 g, Varaždinec 300 g, Tilzit a 2,5 kg, Tilzit a 800 g, Tilzit 150 g, Tilzit 300 g, Edamac a 2,5 kg, Edamac 200 g, Gauda a 2,5 kg, Gauda a 800 g, Gauda 150 g, Varaždinski trapist a 1,3 kg, Varaždinski trapist 1/4, Ribani sir za pizzu a 5 kg, Dimek cca 1,6 kg, Dimek 150 g, Dimek 300 g, Narezani sir tilzit i edamac 300 g, Narezani sir gauda i varaždinec 300 g, Mladi sir od kozjeg i kravljeg mlijeka cca 1,5 kg, Mladi sir od ovčjeg i kravljeg mlijeka cca 1,5 kg, Mladi sir od kravljeg mlijeka cca 1,5 kg, Mladi sir od kozjeg i kravljeg mlijeka 300 g map, Mladi sir od ovčjeg i kravljeg mlijeka 300 g map, Bovidur tvrdi kravlji 2,5 kg, Bovidur 1/8 kriška, Bovidur tvrdi kravlji 250 g, Caprodur tvrdi kozji 2,5 kg, Caprodur 1/8 kriška, Caprodur tvrdi kozji 250 g, Ovidur tvrdi ovčji 2,5 kg, Ovidur 1/8 kriška, Ovidur tvrdi ovčji 250 g, VIVIS svježi krem sir 200 g, VIVIS svježi krem sir 125 g, VIVIS svježi krem sir 50 g, VIVIS svježi krem sir 20 g, VIVIS svježi krem sir pečena paprika 125 g, VIVIS svježi krem sir vlasac 125 g, Sirni namaz CLASSIC 200 g, Sirni namaz CLASSIC 70 g, Sirni namaz light 200 g, Sirni namaz light 70 g, Sirni namaz Bovizola 150 g, Mliječni namaz CLASSIC 70 g, Mliječni namaz LIGHT 70 g, Mliječni namaz CLASSIC 200 g, Mliječni namaz LIGHT 200 g, BUTTERINO namaz namaz s maslacem 200 g, BUTTERINO namaz s maslacem i jogurtom 200 g, Vital ananas s dijetalnim vlaknima 1l prisma, Vital naranča-mrkva-limun s luteinom 1l prisma, Vital brusnica 1l prisma, Vital juice od rajčice 1l prisma, Vital nar-grožđe-aronija s željezom 1l prisma, Gi control naranča – ananas 1,75 l, Gi control naranča – ananas 0,5 l, Gi control crni ribiz – jabuka 1,75 l, Gi control crni ribiz – jabuka 0,5 l, Gi control jabuka – kruška 1,75 l, Gi control jabuka – kruška 0,5 l, Gi control limunada 1,75 l, Gi control limunada 0,5 l, Juice NARANČA 1l s čepom, Juice NARANČA 0,25l, Juice ANANAS 1l, Kašasti nektar MARELICA s čepom 1l, Kašasti nektar MARELICA 0,25l, Kašasti nektar MARELICA 0,2l, Kašasti nektar BRESKVA s čepom 1l, Kašasti nektar BRESKVA 0,2l, Kašasti nektar BRESKVA 3×0,2l “2+1 gratis”, Kašasti nektar JAGODA 1l, Kašasti nektar JAGODA 0,2l, Kašasti nektar KRUŠKA 1l, Kašasti nektar KRUŠKA 0,2l, Nektar JABUKA 1l s čepom, Nektar JABUKA 0,2l, Nektar BOROVNICA 1l s čepom, Nektar BOROVNICA 0,2l, Nektar VIŠNJA 1l s čepom, Nektar VIŠNJA 0,2l, Nektar NARANČA 0,2l, Nektar NARANČA 3×0,2l “2+1 gratis”, Nektar MULTIVITAMIN 0,2l, Naranča light 1l s čepom, Grejp light 1l s čepom, Iso-sport limun-grejp 0,2l, Iso-sport 0,5 l pet mirni, Iso-sport 1,75 l pet mirni, Iso-sport 6×0,5 l pet mirni 5+1 gratis, Iso-sport šumska jagoda 1,75 l pet mirni, Iso-sport šumska jagoda 0,5 l pet mirni, Coctail mandarina-naranča 1,5l, Coctail mandarina-naranča 1l, Coctail mandarina-naranča 0,5l, Coctail mandarina-naranča 0,25l, Coctail naranča-jabuka 1,5l, Coctail naranča-jabuka 1l, Coctail naranča-jabuka 0,5l, Coctail naranča-jabuka 0,25l, A+c+e 1l s čepom, A+c+e 0,25l, Coctail crveno voće 1l, Coctail crveno voće 0,25l, Naranča-Mrkva A+C+E  1,5 l PET mirni, Naranča-Mrkva A+C+E  0,5 l PET mirni, JABUKA 0,5 l PET, Ledeni čaj BRESKVA 2l, CRVENA NARANČA 2l, MULTI A+C+E 2l, JUICE NARANČA 2l, NEKTAR JABUKA 2l, Kašasti nektar BRESKVA 2l, Ledeni čaj BRESKVA 0,2l, Ledeni čaj BRESKVA 3×0,2l “2+1 gratis”, “Fis” jabuka tba 1l, “Fis” jabuka tba 4x1l, 3+1 gratis, “Fis” jabuka tba 2l, “Fis” ananas tba 1l, Iso sport limun-grejp 1,5 l, Iso-sport limun-grejp 0,5 l, Ginger-limun 1,5 l, “Fis” jabuka 1,5 l, “Fis” ananas 1,5 l"
https://www.halal.hrhttp://www.vindija.hr,Vindija d.d.,"Mladena Ćatića 1, 32270 Županja",Producers,"Svježe mlijeko 3,2% mm 1l T-REX, Svježe mlijeko 3,2% mm 5l, Svježe mlijeko 3,2% mm 1l PET, Svježe mlijeko 1,5% mm 1l PET, Svježe mlijeko 3,2% mm 1,75 l PET, Svježe mlijeko 1,5% mm 1,75 l PET, Svježe mlijeko “21” 3,2% mm 1 l PET, Svježe mlijeko “21” 1,5% mm 1 l PET, Mlijeko “21” 1,0% mm 1 l PET, UHT PROIZVODI, UHT mlijeko 2,8% mm 1l, UHT mlijeko 2,8% mm 1l slim bez čepa, UHT mlijeko 2,8% mm 1l slim s čepom, UHT mlijeko 2,8% mm 6×1, UHT mlijeko 2,8% mm 0,5l, UHT mlijeko 2,8% mm 0,5l x 16 karton, UHT mlijeko 2,8% mm 0,2l, UHT mlijeko 2,8% mm 2l s čepom, UHT mlijeko 2,5% mm 1,5l s čepom, UHT mlijeko 2,5% mm 4×1,5l, UHT mlijeko 1,5% mm 1l s čepom, UHT mlijeko 2,8% mm 2,1l s čepom, UHT mlijeko 1,0% mm 1l s čepom, UHT mlijeko 0,9% mm light 1l s čepom, UHT mlijeko 0,9% mm light 0,5l, UHT mlijeko 3,5% mm 1l s čepom, UHT mlijeko s dodat. kalcija 1,6% mm 1l s čepom, UHT mlijeko s dodat. kalcija 0,9% mm 2l s čepom, UHT kozje mlijeko 1l s čepom, UHT kozje mlijeko 0,5l, UHT kozje mlijeko 3,0% mm 0,2l, UHT mlijeko za cappuccino 2,8% mm 1l s čepom, UHT EFEKT mlijeko OMEGA 3 1l slim s čepom, UHT EFEKT mlijeko BEZ LAKTOZE 1l slim s čepom, UHT čokoladno mlijeko 1l s čepom, UHT čokoladno mlijeko 0,5l slim, UHT čokoladno mlijeko 0,2l, UHT čokoladno mlijeko 0,5 l, VINDINO čokoladno mlijeko 0,2 l, UHT Popy shake ČOKOLADA 0,16l, UHT Popy shake VANILIJA 0,16l, UHT vrhnje za šlag 36% mm 0,5l slim, UHT vrhnje za šlag 36% mm 0,2l, UHT vrhnje za kavu 10% mm 0,2l, UHT vrhnje za kuhanje 1l, UHT vrhnje za kuhanje 0,5l, UHT vrhnje za kuhanje 0,2l, UHT vrhnje za kuhanje 0,5l PET, Jogurt 2,8% mm 150 g, Jogurt 2,8% mm 180 g, Jogurt 2,8% mm 200 g, Jogurt 2,8% mm 500 g, Jogurt 2,8% mm 600 g (4×150 g), Jogurt 2,8% mm 900 g (6×150 g), Jogurt 2,8% mm T-REX 1000 g, Jogurt light 0,9% mm 180 g, Jogurt light 0,9% mm 200 g, Jogurt light 0,1% mm 200 g, Jogurt 2,8% mm PET boca 200 g, Jogurt 2,8% mm PET boca 500 g, Jogurt 2,8% mm PET boca 1000 g, Jogurt 2,8% mm PET boca 1750 g, Jogurt light 0,9% mm PET boca 500 g, Jogurt light 0,9% mm PET boca 1000 g, VILIKIS jogurt natur 150 g, Kiselo mlijeko 3,2% mm 200 g, Kiselo mlijeko 3,2% mm 400 g, Kefir 3,5% mm 200 g, Kefir 3,5% mm 400 g, Kefir 0,9% mm 200 g, Kefir 0,9% mm 400 g, Acidofilno mlijeko 3,2% mm 200 g, Acidofilno mlijeko 3,2% mm 400 g, Kefir 3,5% mm 1000 g PET boca, Acidofilno mlijeko 3,2% mm 1000 g PET boca, “FRESKA” voćni jogurt – breskva 200 g, “FRESKA” voćni jogurt – višnja 200 g, “FRESKA” voćni jogurt -jagoda 200 g, “FRESKA” voćni jogurt – brusnica 200 g, “FRESKA” voćni jogurt – breskva 500 g, “FRESKA” voćni jogurt – jagoda 500 g, “FRESKA” voćni jogurt jagoda/breskva 500 g (4x125g), “FRESKA” voćni jogurt šum.voće/višnja 500 g (4x125g), “FRESKA” DRINK voćni jogurt BRESKVA 150 g, Kiselo vrhnje 12% mm 200 g, Kiselo vrhnje 20% mm 200 g, Mileram kiselo vrhnje 22% mm 400 g, Mileram 22% mm 1000 g kantica, Domaće kiselo vrhnje za svježi sir 25% mm 300 g, Kiselo vrhnje 25% mm 1000 g kantica, Mileram 30% mm pak. rinfuza 5 kg, FORTIA natur 150 g čaša, FORTIA voćni jagoda-grožđe-crni ribiz 150 g čaša, FORTIA natur 200 g PET, FORTIA jagoda-grožđe-crni ribiz 200 g PET, FORTIA natur 1000 g PET, FORTIA natur 500 g (4x125g), FORTIA jagode žit.-žitarice 500 g (4x125g), VITAKTIV natur 200 g PET, VITAKTIV brusnica-jabuka 200 g PET, VITAKTIV natur 1000 g PET, VINDINO natur jogurt 400 g čaša (4×100 g), VINDINO voćni jogurt 400 g čaša (4×100 g), VINDINO tekući jogurt natur 200 ml PET, Puding VANILIJA 125 g, Puding ČOKOLADA 125 g, Puding ČOKOLADA 125 g 4x125g”3+1 gratis”, Puding LJEŠNJAK-ČOKOLADA 125 g, Vindino mliječni desert lješnjak-čokolada 4x60g, Puding vanilija sa šlagom 500 g (4x125g), Puding čokolada sa šlagom 500 g (4x125g), Choco-loco 500 g (4×125 g), Bovi blue forma 45% mm 2,5 kg, Bovizola a 4,8 kg, Bovizola 600 g (6x100g), Bovizola kriška 150 g map, Caprozola a 4,8 kg, Caprozola 6 x 100 g, Caprozola kriška cca 300 g, Camembert 250 g, Caprilo 100 g, Svježi sir polumasni 500 g, Svježi sir polumasni rinfuza 5 kg, Svježi sir mascarpone 500 g, Varaždinski svježi sir u sirnoj marami 800 g, Bel vi a 1,25 kg, Bel vi kriška 1/4, Capron a 1,25 kg, Capron kriška 1/8, Grabancijaš kriška 5 kg, Grabancijaš 1 kg – kantica, Fetaca kriška 2,5 kg, Ovis feta kriška 2,5 kg, Capro fresh 280 g, Ovi (ovčja) skuta 600 g kantica, Bovi (kravlja) skuta 600 g kantica, Bovi fresh 280 g, Varaždinec 1600 – 1800 g, Varaždinec a 800 g, Varaždinec 200 g, Varaždinec 300 g, Tilzit a 2,5 kg, Tilzit a 800 g, Tilzit 150 g, Tilzit 300 g, Edamac a 2,5 kg, Edamac 200 g, Gauda a 2,5 kg, Gauda a 800 g, Gauda 150 g, Varaždinski trapist a 1,3 kg, Varaždinski trapist 1/4, Ribani sir za pizzu a 5 kg, Dimek cca 1,6 kg, Dimek 150 g, Dimek 300 g, Narezani sir tilzit i edamac 300 g, Narezani sir gauda i varaždinec 300 g, Mladi sir od kozjeg i kravljeg mlijeka cca 1,5 kg, Mladi sir od ovčjeg i kravljeg mlijeka cca 1,5 kg, Mladi sir od kravljeg mlijeka cca 1,5 kg, Mladi sir od kozjeg i kravljeg mlijeka 300 g map, Mladi sir od ovčjeg i kravljeg mlijeka 300 g map, Bovidur tvrdi kravlji 2,5 kg, Bovidur 1/8 kriška, Bovidur tvrdi kravlji 250 g, Caprodur tvrdi kozji 2,5 kg, Caprodur 1/8 kriška, Caprodur tvrdi kozji 250 g, Ovidur tvrdi ovčji 2,5 kg, Ovidur 1/8 kriška, Ovidur tvrdi ovčji 250 g, VIVIS svježi krem sir 200 g, VIVIS svježi krem sir 125 g, VIVIS svježi krem sir 50 g, VIVIS svježi krem sir 20 g, VIVIS svježi krem sir pečena paprika 125 g, VIVIS svježi krem sir vlasac 125 g, Sirni namaz CLASSIC 200 g, Sirni namaz CLASSIC 70 g, Sirni namaz light 200 g, Sirni namaz light 70 g, Sirni namaz Bovizola 150 g, Mliječni namaz CLASSIC 70 g, Mliječni namaz LIGHT 70 g, Mliječni namaz CLASSIC 200 g, Mliječni namaz LIGHT 200 g, BUTTERINO namaz namaz s maslacem 200 g, BUTTERINO namaz s maslacem i jogurtom 200 g, Vital ananas s dijetalnim vlaknima 1l prisma, Vital naranča-mrkva-limun s luteinom 1l prisma, Vital brusnica 1l prisma, Vital juice od rajčice 1l prisma, Vital nar-grožđe-aronija s željezom 1l prisma, Gi control naranča – ananas 1,75 l, Gi control naranča – ananas 0,5 l, Gi control crni ribiz – jabuka 1,75 l, Gi control crni ribiz – jabuka 0,5 l, Gi control jabuka – kruška 1,75 l, Gi control jabuka – kruška 0,5 l, Gi control limunada 1,75 l, Gi control limunada 0,5 l, Juice NARANČA 1l s čepom, Juice NARANČA 0,25l, Juice ANANAS 1l, Kašasti nektar MARELICA s čepom 1l, Kašasti nektar MARELICA 0,25l, Kašasti nektar MARELICA 0,2l, Kašasti nektar BRESKVA s čepom 1l, Kašasti nektar BRESKVA 0,2l, Kašasti nektar BRESKVA 3×0,2l “2+1 gratis”, Kašasti nektar JAGODA 1l, Kašasti nektar JAGODA 0,2l, Kašasti nektar KRUŠKA 1l, Kašasti nektar KRUŠKA 0,2l, Nektar JABUKA 1l s čepom, Nektar JABUKA 0,2l, Nektar BOROVNICA 1l s čepom, Nektar BOROVNICA 0,2l, Nektar VIŠNJA 1l s čepom, Nektar VIŠNJA 0,2l, Nektar NARANČA 0,2l, Nektar NARANČA 3×0,2l “2+1 gratis”, Nektar MULTIVITAMIN 0,2l, Naranča light 1l s čepom, Grejp light 1l s čepom, Iso-sport limun-grejp 0,2l, Iso-sport 0,5 l pet mirni, Iso-sport 1,75 l pet mirni, Iso-sport 6×0,5 l pet mirni 5+1 gratis, Iso-sport šumska jagoda 1,75 l pet mirni, Iso-sport šumska jagoda 0,5 l pet mirni, Coctail mandarina-naranča 1,5l, Coctail mandarina-naranča 1l, Coctail mandarina-naranča 0,5l, Coctail mandarina-naranča 0,25l, Coctail naranča-jabuka 1,5l, Coctail naranča-jabuka 1l, Coctail naranča-jabuka 0,5l, Coctail naranča-jabuka 0,25l, A+c+e 1l s čepom, A+c+e 0,25l, Coctail crveno voće 1l, Coctail crveno voće 0,25l, Naranča-Mrkva A+C+E  1,5 l PET mirni, Naranča-Mrkva A+C+E  0,5 l PET mirni, JABUKA 0,5 l PET, Ledeni čaj BRESKVA 2l, CRVENA NARANČA 2l, MULTI A+C+E 2l, JUICE NARANČA 2l, NEKTAR JABUKA 2l, Kašasti nektar BRESKVA 2l, Ledeni čaj BRESKVA 0,2l, Ledeni čaj BRESKVA 3×0,2l “2+1 gratis”, “Fis” jabuka tba 1l, “Fis” jabuka tba 4x1l, 3+1 gratis, “Fis” jabuka tba 2l, “Fis” ananas tba 1l, Iso sport limun-grejp 1,5 l, Iso-sport limun-grejp 0,5 l, Ginger-limun 1,5 l, “Fis” jabuka 1,5 l, “Fis” ananas 1,5 l"
https://www.halal.hrhttp://www.vindija.hr,Vindija d.d.,"Jalkovečka ulica 36, 42000 Varaždin, Hrvatska",Producers,"Svježe mlijeko 3,2% mm 1l T-REX, Svježe mlijeko 3,2% mm 5l, Svježe mlijeko 3,2% mm 1l PET, Svježe mlijeko 1,5% mm 1l PET, Svježe mlijeko 3,2% mm 1,75 l PET, Svježe mlijeko 1,5% mm 1,75 l PET, Svježe mlijeko “21” 3,2% mm 1 l PET, Svježe mlijeko “21” 1,5% mm 1 l PET, Mlijeko “21” 1,0% mm 1 l PET, UHT PROIZVODI, UHT mlijeko 2,8% mm 1l, UHT mlijeko 2,8% mm 1l slim bez čepa, UHT mlijeko 2,8% mm 1l slim s čepom, UHT mlijeko 2,8% mm 6×1, UHT mlijeko 2,8% mm 0,5l, UHT mlijeko 2,8% mm 0,5l x 16 karton, UHT mlijeko 2,8% mm 0,2l, UHT mlijeko 2,8% mm 2l s čepom, UHT mlijeko 2,5% mm 1,5l s čepom, UHT mlijeko 2,5% mm 4×1,5l, UHT mlijeko 1,5% mm 1l s čepom, UHT mlijeko 2,8% mm 2,1l s čepom, UHT mlijeko 1,0% mm 1l s čepom, UHT mlijeko 0,9% mm light 1l s čepom, UHT mlijeko 0,9% mm light 0,5l, UHT mlijeko 3,5% mm 1l s čepom, UHT mlijeko s dodat. kalcija 1,6% mm 1l s čepom, UHT mlijeko s dodat. kalcija 0,9% mm 2l s čepom, UHT kozje mlijeko 1l s čepom, UHT kozje mlijeko 0,5l, UHT kozje mlijeko 3,0% mm 0,2l, UHT mlijeko za cappuccino 2,8% mm 1l s čepom, UHT EFEKT mlijeko OMEGA 3 1l slim s čepom, UHT EFEKT mlijeko BEZ LAKTOZE 1l slim s čepom, UHT čokoladno mlijeko 1l s čepom, UHT čokoladno mlijeko 0,5l slim, UHT čokoladno mlijeko 0,2l, UHT čokoladno mlijeko 0,5 l, VINDINO čokoladno mlijeko 0,2 l, UHT Popy shake ČOKOLADA 0,16l, UHT Popy shake VANILIJA 0,16l, UHT vrhnje za šlag 36% mm 0,5l slim, UHT vrhnje za šlag 36% mm 0,2l, UHT vrhnje za kavu 10% mm 0,2l, UHT vrhnje za kuhanje 1l, UHT vrhnje za kuhanje 0,5l, UHT vrhnje za kuhanje 0,2l, UHT vrhnje za kuhanje 0,5l PET, Jogurt 2,8% mm 150 g, Jogurt 2,8% mm 180 g, Jogurt 2,8% mm 200 g, Jogurt 2,8% mm 500 g, Jogurt 2,8% mm 600 g (4×150 g), Jogurt 2,8% mm 900 g (6×150 g), Jogurt 2,8% mm T-REX 1000 g, Jogurt light 0,9% mm 180 g, Jogurt light 0,9% mm 200 g, Jogurt light 0,1% mm 200 g, Jogurt 2,8% mm PET boca 200 g, Jogurt 2,8% mm PET boca 500 g, Jogurt 2,8% mm PET boca 1000 g, Jogurt 2,8% mm PET boca 1750 g, Jogurt light 0,9% mm PET boca 500 g, Jogurt light 0,9% mm PET boca 1000 g, VILIKIS jogurt natur 150 g, Kiselo mlijeko 3,2% mm 200 g, Kiselo mlijeko 3,2% mm 400 g, Kefir 3,5% mm 200 g, Kefir 3,5% mm 400 g, Kefir 0,9% mm 200 g, Kefir 0,9% mm 400 g, Acidofilno mlijeko 3,2% mm 200 g, Acidofilno mlijeko 3,2% mm 400 g, Kefir 3,5% mm 1000 g PET boca, Acidofilno mlijeko 3,2% mm 1000 g PET boca, “FRESKA” voćni jogurt – breskva 200 g, “FRESKA” voćni jogurt – višnja 200 g, “FRESKA” voćni jogurt -jagoda 200 g, “FRESKA” voćni jogurt – brusnica 200 g, “FRESKA” voćni jogurt – breskva 500 g, “FRESKA” voćni jogurt – jagoda 500 g, “FRESKA” voćni jogurt jagoda/breskva 500 g (4x125g), “FRESKA” voćni jogurt šum.voće/višnja 500 g (4x125g), “FRESKA” DRINK voćni jogurt BRESKVA 150 g, Kiselo vrhnje 12% mm 200 g, Kiselo vrhnje 20% mm 200 g, Mileram kiselo vrhnje 22% mm 400 g, Mileram 22% mm 1000 g kantica, Domaće kiselo vrhnje za svježi sir 25% mm 300 g, Kiselo vrhnje 25% mm 1000 g kantica, Mileram 30% mm pak. rinfuza 5 kg, FORTIA natur 150 g čaša, FORTIA voćni jagoda-grožđe-crni ribiz 150 g čaša, FORTIA natur 200 g PET, FORTIA jagoda-grožđe-crni ribiz 200 g PET, FORTIA natur 1000 g PET, FORTIA natur 500 g (4x125g), FORTIA jagode žit.-žitarice 500 g (4x125g), VITAKTIV natur 200 g PET, VITAKTIV brusnica-jabuka 200 g PET, VITAKTIV natur 1000 g PET, VINDINO natur jogurt 400 g čaša (4×100 g), VINDINO voćni jogurt 400 g čaša (4×100 g), VINDINO tekući jogurt natur 200 ml PET, Puding VANILIJA 125 g, Puding ČOKOLADA 125 g, Puding ČOKOLADA 125 g 4x125g”3+1 gratis”, Puding LJEŠNJAK-ČOKOLADA 125 g, Vindino mliječni desert lješnjak-čokolada 4x60g, Puding vanilija sa šlagom 500 g (4x125g), Puding čokolada sa šlagom 500 g (4x125g), Choco-loco 500 g (4×125 g), Bovi blue forma 45% mm 2,5 kg, Bovizola a 4,8 kg, Bovizola 600 g (6x100g), Bovizola kriška 150 g map, Caprozola a 4,8 kg, Caprozola 6 x 100 g, Caprozola kriška cca 300 g, Camembert 250 g, Caprilo 100 g, Svježi sir polumasni 500 g, Svježi sir polumasni rinfuza 5 kg, Svježi sir mascarpone 500 g, Varaždinski svježi sir u sirnoj marami 800 g, Bel vi a 1,25 kg, Bel vi kriška 1/4, Capron a 1,25 kg, Capron kriška 1/8, Grabancijaš kriška 5 kg, Grabancijaš 1 kg – kantica, Fetaca kriška 2,5 kg, Ovis feta kriška 2,5 kg, Capro fresh 280 g, Ovi (ovčja) skuta 600 g kantica, Bovi (kravlja) skuta 600 g kantica, Bovi fresh 280 g, Varaždinec 1600 – 1800 g, Varaždinec a 800 g, Varaždinec 200 g, Varaždinec 300 g, Tilzit a 2,5 kg, Tilzit a 800 g, Tilzit 150 g, Tilzit 300 g, Edamac a 2,5 kg, Edamac 200 g, Gauda a 2,5 kg, Gauda a 800 g, Gauda 150 g, Varaždinski trapist a 1,3 kg, Varaždinski trapist 1/4, Ribani sir za pizzu a 5 kg, Dimek cca 1,6 kg, Dimek 150 g, Dimek 300 g, Narezani sir tilzit i edamac 300 g, Narezani sir gauda i varaždinec 300 g, Mladi sir od kozjeg i kravljeg mlijeka cca 1,5 kg, Mladi sir od ovčjeg i kravljeg mlijeka cca 1,5 kg, Mladi sir od kravljeg mlijeka cca 1,5 kg, Mladi sir od kozjeg i kravljeg mlijeka 300 g map, Mladi sir od ovčjeg i kravljeg mlijeka 300 g map, Bovidur tvrdi kravlji 2,5 kg, Bovidur 1/8 kriška, Bovidur tvrdi kravlji 250 g, Caprodur tvrdi kozji 2,5 kg, Caprodur 1/8 kriška, Caprodur tvrdi kozji 250 g, Ovidur tvrdi ovčji 2,5 kg, Ovidur 1/8 kriška, Ovidur tvrdi ovčji 250 g, VIVIS svježi krem sir 200 g, VIVIS svježi krem sir 125 g, VIVIS svježi krem sir 50 g, VIVIS svježi krem sir 20 g, VIVIS svježi krem sir pečena paprika 125 g, VIVIS svježi krem sir vlasac 125 g, Sirni namaz CLASSIC 200 g, Sirni namaz CLASSIC 70 g, Sirni namaz light 200 g, Sirni namaz light 70 g, Sirni namaz Bovizola 150 g, Mliječni namaz CLASSIC 70 g, Mliječni namaz LIGHT 70 g, Mliječni namaz CLASSIC 200 g, Mliječni namaz LIGHT 200 g, BUTTERINO namaz namaz s maslacem 200 g, BUTTERINO namaz s maslacem i jogurtom 200 g, Vital ananas s dijetalnim vlaknima 1l prisma, Vital naranča-mrkva-limun s luteinom 1l prisma, Vital brusnica 1l prisma, Vital juice od rajčice 1l prisma, Vital nar-grožđe-aronija s željezom 1l prisma, Gi control naranča – ananas 1,75 l, Gi control naranča – ananas 0,5 l, Gi control crni ribiz – jabuka 1,75 l, Gi control crni ribiz – jabuka 0,5 l, Gi control jabuka – kruška 1,75 l, Gi control jabuka – kruška 0,5 l, Gi control limunada 1,75 l, Gi control limunada 0,5 l, Juice NARANČA 1l s čepom, Juice NARANČA 0,25l, Juice ANANAS 1l, Kašasti nektar MARELICA s čepom 1l, Kašasti nektar MARELICA 0,25l, Kašasti nektar MARELICA 0,2l, Kašasti nektar BRESKVA s čepom 1l, Kašasti nektar BRESKVA 0,2l, Kašasti nektar BRESKVA 3×0,2l “2+1 gratis”, Kašasti nektar JAGODA 1l, Kašasti nektar JAGODA 0,2l, Kašasti nektar KRUŠKA 1l, Kašasti nektar KRUŠKA 0,2l, Nektar JABUKA 1l s čepom, Nektar JABUKA 0,2l, Nektar BOROVNICA 1l s čepom, Nektar BOROVNICA 0,2l, Nektar VIŠNJA 1l s čepom, Nektar VIŠNJA 0,2l, Nektar NARANČA 0,2l, Nektar NARANČA 3×0,2l “2+1 gratis”, Nektar MULTIVITAMIN 0,2l, Naranča light 1l s čepom, Grejp light 1l s čepom, Iso-sport limun-grejp 0,2l, Iso-sport 0,5 l pet mirni, Iso-sport 1,75 l pet mirni, Iso-sport 6×0,5 l pet mirni 5+1 gratis, Iso-sport šumska jagoda 1,75 l pet mirni, Iso-sport šumska jagoda 0,5 l pet mirni, Coctail mandarina-naranča 1,5l, Coctail mandarina-naranča 1l, Coctail mandarina-naranča 0,5l, Coctail mandarina-naranča 0,25l, Coctail naranča-jabuka 1,5l, Coctail naranča-jabuka 1l, Coctail naranča-jabuka 0,5l, Coctail naranča-jabuka 0,25l, A+c+e 1l s čepom, A+c+e 0,25l, Coctail crveno voće 1l, Coctail crveno voće 0,25l, Naranča-Mrkva A+C+E  1,5 l PET mirni, Naranča-Mrkva A+C+E  0,5 l PET mirni, JABUKA 0,5 l PET, Ledeni čaj BRESKVA 2l, CRVENA NARANČA 2l, MULTI A+C+E 2l, JUICE NARANČA 2l, NEKTAR JABUKA 2l, Kašasti nektar BRESKVA 2l, Ledeni čaj BRESKVA 0,2l, Ledeni čaj BRESKVA 3×0,2l “2+1 gratis”, “Fis” jabuka tba 1l, “Fis” jabuka tba 4x1l, 3+1 gratis, “Fis” jabuka tba 2l, “Fis” ananas tba 1l, Iso sport limun-grejp 1,5 l, Iso-sport limun-grejp 0,5 l, Ginger-limun 1,5 l, “Fis” jabuka 1,5 l, “Fis” ananas 1,5 l"
https://www.halal.hrhttp://www.vindija.hr,Vindija d.d.,"Međimurska 6, 42000 Varaždin, Hrvatska",Producers,"Svježe mlijeko 3,2% mm 1l T-REX, Svježe mlijeko 3,2% mm 5l, Svježe mlijeko 3,2% mm 1l PET, Svježe mlijeko 1,5% mm 1l PET, Svježe mlijeko 3,2% mm 1,75 l PET, Svježe mlijeko 1,5% mm 1,75 l PET, Svježe mlijeko “21” 3,2% mm 1 l PET, Svježe mlijeko “21” 1,5% mm 1 l PET, Mlijeko “21” 1,0% mm 1 l PET, UHT PROIZVODI, UHT mlijeko 2,8% mm 1l, UHT mlijeko 2,8% mm 1l slim bez čepa, UHT mlijeko 2,8% mm 1l slim s čepom, UHT mlijeko 2,8% mm 6×1, UHT mlijeko 2,8% mm 0,5l, UHT mlijeko 2,8% mm 0,5l x 16 karton, UHT mlijeko 2,8% mm 0,2l, UHT mlijeko 2,8% mm 2l s čepom, UHT mlijeko 2,5% mm 1,5l s čepom, UHT mlijeko 2,5% mm 4×1,5l, UHT mlijeko 1,5% mm 1l s čepom, UHT mlijeko 2,8% mm 2,1l s čepom, UHT mlijeko 1,0% mm 1l s čepom, UHT mlijeko 0,9% mm light 1l s čepom, UHT mlijeko 0,9% mm light 0,5l, UHT mlijeko 3,5% mm 1l s čepom, UHT mlijeko s dodat. kalcija 1,6% mm 1l s čepom, UHT mlijeko s dodat. kalcija 0,9% mm 2l s čepom, UHT kozje mlijeko 1l s čepom, UHT kozje mlijeko 0,5l, UHT kozje mlijeko 3,0% mm 0,2l, UHT mlijeko za cappuccino 2,8% mm 1l s čepom, UHT EFEKT mlijeko OMEGA 3 1l slim s čepom, UHT EFEKT mlijeko BEZ LAKTOZE 1l slim s čepom, UHT čokoladno mlijeko 1l s čepom, UHT čokoladno mlijeko 0,5l slim, UHT čokoladno mlijeko 0,2l, UHT čokoladno mlijeko 0,5 l, VINDINO čokoladno mlijeko 0,2 l, UHT Popy shake ČOKOLADA 0,16l, UHT Popy shake VANILIJA 0,16l, UHT vrhnje za šlag 36% mm 0,5l slim, UHT vrhnje za šlag 36% mm 0,2l, UHT vrhnje za kavu 10% mm 0,2l, UHT vrhnje za kuhanje 1l, UHT vrhnje za kuhanje 0,5l, UHT vrhnje za kuhanje 0,2l, UHT vrhnje za kuhanje 0,5l PET, Jogurt 2,8% mm 150 g, Jogurt 2,8% mm 180 g, Jogurt 2,8% mm 200 g, Jogurt 2,8% mm 500 g, Jogurt 2,8% mm 600 g (4×150 g), Jogurt 2,8% mm 900 g (6×150 g), Jogurt 2,8% mm T-REX 1000 g, Jogurt light 0,9% mm 180 g, Jogurt light 0,9% mm 200 g, Jogurt light 0,1% mm 200 g, Jogurt 2,8% mm PET boca 200 g, Jogurt 2,8% mm PET boca 500 g, Jogurt 2,8% mm PET boca 1000 g, Jogurt 2,8% mm PET boca 1750 g, Jogurt light 0,9% mm PET boca 500 g, Jogurt light 0,9% mm PET boca 1000 g, VILIKIS jogurt natur 150 g, Kiselo mlijeko 3,2% mm 200 g, Kiselo mlijeko 3,2% mm 400 g, Kefir 3,5% mm 200 g, Kefir 3,5% mm 400 g, Kefir 0,9% mm 200 g, Kefir 0,9% mm 400 g, Acidofilno mlijeko 3,2% mm 200 g, Acidofilno mlijeko 3,2% mm 400 g, Kefir 3,5% mm 1000 g PET boca, Acidofilno mlijeko 3,2% mm 1000 g PET boca, “FRESKA” voćni jogurt – breskva 200 g, “FRESKA” voćni jogurt – višnja 200 g, “FRESKA” voćni jogurt -jagoda 200 g, “FRESKA” voćni jogurt – brusnica 200 g, “FRESKA” voćni jogurt – breskva 500 g, “FRESKA” voćni jogurt – jagoda 500 g, “FRESKA” voćni jogurt jagoda/breskva 500 g (4x125g), “FRESKA” voćni jogurt šum.voće/višnja 500 g (4x125g), “FRESKA” DRINK voćni jogurt BRESKVA 150 g, Kiselo vrhnje 12% mm 200 g, Kiselo vrhnje 20% mm 200 g, Mileram kiselo vrhnje 22% mm 400 g, Mileram 22% mm 1000 g kantica, Domaće kiselo vrhnje za svježi sir 25% mm 300 g, Kiselo vrhnje 25% mm 1000 g kantica, Mileram 30% mm pak. rinfuza 5 kg, FORTIA natur 150 g čaša, FORTIA voćni jagoda-grožđe-crni ribiz 150 g čaša, FORTIA natur 200 g PET, FORTIA jagoda-grožđe-crni ribiz 200 g PET, FORTIA natur 1000 g PET, FORTIA natur 500 g (4x125g), FORTIA jagode žit.-žitarice 500 g (4x125g), VITAKTIV natur 200 g PET, VITAKTIV brusnica-jabuka 200 g PET, VITAKTIV natur 1000 g PET, VINDINO natur jogurt 400 g čaša (4×100 g), VINDINO voćni jogurt 400 g čaša (4×100 g), VINDINO tekući jogurt natur 200 ml PET, Puding VANILIJA 125 g, Puding ČOKOLADA 125 g, Puding ČOKOLADA 125 g 4x125g”3+1 gratis”, Puding LJEŠNJAK-ČOKOLADA 125 g, Vindino mliječni desert lješnjak-čokolada 4x60g, Puding vanilija sa šlagom 500 g (4x125g), Puding čokolada sa šlagom 500 g (4x125g), Choco-loco 500 g (4×125 g), Bovi blue forma 45% mm 2,5 kg, Bovizola a 4,8 kg, Bovizola 600 g (6x100g), Bovizola kriška 150 g map, Caprozola a 4,8 kg, Caprozola 6 x 100 g, Caprozola kriška cca 300 g, Camembert 250 g, Caprilo 100 g, Svježi sir polumasni 500 g, Svježi sir polumasni rinfuza 5 kg, Svježi sir mascarpone 500 g, Varaždinski svježi sir u sirnoj marami 800 g, Bel vi a 1,25 kg, Bel vi kriška 1/4, Capron a 1,25 kg, Capron kriška 1/8, Grabancijaš kriška 5 kg, Grabancijaš 1 kg – kantica, Fetaca kriška 2,5 kg, Ovis feta kriška 2,5 kg, Capro fresh 280 g, Ovi (ovčja) skuta 600 g kantica, Bovi (kravlja) skuta 600 g kantica, Bovi fresh 280 g, Varaždinec 1600 – 1800 g, Varaždinec a 800 g, Varaždinec 200 g, Varaždinec 300 g, Tilzit a 2,5 kg, Tilzit a 800 g, Tilzit 150 g, Tilzit 300 g, Edamac a 2,5 kg, Edamac 200 g, Gauda a 2,5 kg, Gauda a 800 g, Gauda 150 g, Varaždinski trapist a 1,3 kg, Varaždinski trapist 1/4, Ribani sir za pizzu a 5 kg, Dimek cca 1,6 kg, Dimek 150 g, Dimek 300 g, Narezani sir tilzit i edamac 300 g, Narezani sir gauda i varaždinec 300 g, Mladi sir od kozjeg i kravljeg mlijeka cca 1,5 kg, Mladi sir od ovčjeg i kravljeg mlijeka cca 1,5 kg, Mladi sir od kravljeg mlijeka cca 1,5 kg, Mladi sir od kozjeg i kravljeg mlijeka 300 g map, Mladi sir od ovčjeg i kravljeg mlijeka 300 g map, Bovidur tvrdi kravlji 2,5 kg, Bovidur 1/8 kriška, Bovidur tvrdi kravlji 250 g, Caprodur tvrdi kozji 2,5 kg, Caprodur 1/8 kriška, Caprodur tvrdi kozji 250 g, Ovidur tvrdi ovčji 2,5 kg, Ovidur 1/8 kriška, Ovidur tvrdi ovčji 250 g, VIVIS svježi krem sir 200 g, VIVIS svježi krem sir 125 g, VIVIS svježi krem sir 50 g, VIVIS svježi krem sir 20 g, VIVIS svježi krem sir pečena paprika 125 g, VIVIS svježi krem sir vlasac 125 g, Sirni namaz CLASSIC 200 g, Sirni namaz CLASSIC 70 g, Sirni namaz light 200 g, Sirni namaz light 70 g, Sirni namaz Bovizola 150 g, Mliječni namaz CLASSIC 70 g, Mliječni namaz LIGHT 70 g, Mliječni namaz CLASSIC 200 g, Mliječni namaz LIGHT 200 g, BUTTERINO namaz namaz s maslacem 200 g, BUTTERINO namaz s maslacem i jogurtom 200 g, Vital ananas s dijetalnim vlaknima 1l prisma, Vital naranča-mrkva-limun s luteinom 1l prisma, Vital brusnica 1l prisma, Vital juice od rajčice 1l prisma, Vital nar-grožđe-aronija s željezom 1l prisma, Gi control naranča – ananas 1,75 l, Gi control naranča – ananas 0,5 l, Gi control crni ribiz – jabuka 1,75 l, Gi control crni ribiz – jabuka 0,5 l, Gi control jabuka – kruška 1,75 l, Gi control jabuka – kruška 0,5 l, Gi control limunada 1,75 l, Gi control limunada 0,5 l, Juice NARANČA 1l s čepom, Juice NARANČA 0,25l, Juice ANANAS 1l, Kašasti nektar MARELICA s čepom 1l, Kašasti nektar MARELICA 0,25l, Kašasti nektar MARELICA 0,2l, Kašasti nektar BRESKVA s čepom 1l, Kašasti nektar BRESKVA 0,2l, Kašasti nektar BRESKVA 3×0,2l “2+1 gratis”, Kašasti nektar JAGODA 1l, Kašasti nektar JAGODA 0,2l, Kašasti nektar KRUŠKA 1l, Kašasti nektar KRUŠKA 0,2l, Nektar JABUKA 1l s čepom, Nektar JABUKA 0,2l, Nektar BOROVNICA 1l s čepom, Nektar BOROVNICA 0,2l, Nektar VIŠNJA 1l s čepom, Nektar VIŠNJA 0,2l, Nektar NARANČA 0,2l, Nektar NARANČA 3×0,2l “2+1 gratis”, Nektar MULTIVITAMIN 0,2l, Naranča light 1l s čepom, Grejp light 1l s čepom, Iso-sport limun-grejp 0,2l, Iso-sport 0,5 l pet mirni, Iso-sport 1,75 l pet mirni, Iso-sport 6×0,5 l pet mirni 5+1 gratis, Iso-sport šumska jagoda 1,75 l pet mirni, Iso-sport šumska jagoda 0,5 l pet mirni, Coctail mandarina-naranča 1,5l, Coctail mandarina-naranča 1l, Coctail mandarina-naranča 0,5l, Coctail mandarina-naranča 0,25l, Coctail naranča-jabuka 1,5l, Coctail naranča-jabuka 1l, Coctail naranča-jabuka 0,5l, Coctail naranča-jabuka 0,25l, A+c+e 1l s čepom, A+c+e 0,25l, Coctail crveno voće 1l, Coctail crveno voće 0,25l, Naranča-Mrkva A+C+E  1,5 l PET mirni, Naranča-Mrkva A+C+E  0,5 l PET mirni, JABUKA 0,5 l PET, Ledeni čaj BRESKVA 2l, CRVENA NARANČA 2l, MULTI A+C+E 2l, JUICE NARANČA 2l, NEKTAR JABUKA 2l, Kašasti nektar BRESKVA 2l, Ledeni čaj BRESKVA 0,2l, Ledeni čaj BRESKVA 3×0,2l “2+1 gratis”, “Fis” jabuka tba 1l, “Fis” jabuka tba 4x1l, 3+1 gratis, “Fis” jabuka tba 2l, “Fis” ananas tba 1l, Iso sport limun-grejp 1,5 l, Iso-sport limun-grejp 0,5 l, Ginger-limun 1,5 l, “Fis” jabuka 1,5 l, “Fis” ananas 1,5 l"
https://www.halal.hrhttp://www.vindija.hr/O-nama/Tvrtke-clanice/Vindon.html?Y2lcNzU%3d,Vindon d.o.o.,"Lučka ul. 4, 35000, Slavonski Brod, Croatia",Slaughterhouses,", , Meso mlade kokoši cijeli trup – svježe, Meso mlade kokoši polovica – svježe, Meso mlade kokoši četvrtina – svježe, Meso mlade kokoši cijeli trup – smrznuto, Meso mlade kokoši polovica – smrznuto, Meso mlade kokoši četvrtina – smrznuto, Odresci m.p., Odresci ob.p., Odresci d.p., Rolada prsa, Gulaš m.p., Gulaš ob.p., Gulaš d.p., Prsa m.p., Prsa ob.p., Prsa d.p., Pureći file prsiju -mpk,vak, Kotleti m.p., Kotleti d.p., Zabatak m.p., Zabatak ob.p., Zabatak d.p., z.b. M.p., z.b. Ob.p., z.b. D.p., Paprikaš m.p., Paprikaš ob.p., Paprikaš d.p., Rolada zabatak, Odresci fz m.p., Pureći zabatak -mpk,vak, Odresci fz d.p., Batak m.p., Batak ob.p., Batak d.p., Osobuco m.p., Osobuco ob.p., Pureći batak -mpk,vak, Krila m.p., Krila ob. P., Krila d.p., Batak m.p., batak ob.p., Batak d.p., Vingeta m.p., Vingeta ob.p., Vingeta d.p., Pureći kri.batak -mpk,vak, Vrat m.p., Vrat ob.p., Vrat d.p., Pureći vrat -mpk,vak, Hrbat d.p., Jetra, Srca, Želuci, Purice-svježe, Purice-smrz., Božićna puretina-polovica/svježa, Božićna puretina-rasjek/svježe, Pripravak, Rasjek mix, Ražnjići, purica vin.smrz, purica pol.smrz, Purica, Purica zamrznuta, Pureće mljeveno meso 300 g, Pureće mljeveno meso 500 g, Pureće mljeveno meso 1000 g, Pureći odresci smrznuti, Pureći file prsiju minipak smrz, Pureći file prsiju disk.pak. Smrz, Pureći zabatak -mpk,smrz, Pureći zabatak-disk.pak., Pureći batak smrznuti, Pureća krila cijela smrznuta, Pureće usitnjeno smrz 1000 g, Pureće usitnjeno smrz 500 g, Prilaz Safvet - bega Bašagića 1, Zagreb, HR-10000, +385 1 561 9062, +385 1 455 0521, info@halal.hr, OIB: 40237828734"
https://www.halal.hrhttp://www.vindija.hr/O-nama/Tvrtke-clanice/ViR-1898.html?Y2lcNzc%3D,ViR 1898. Mesna industrija d.d.,"Školjić ul. 16, 51000, Rijeka, Croatia",Slaughterhouses,"PUREĆI SUDŽUK, PUREĆI SUDŽUK PIKANT, PUREĆI SUDŽUK AL ARIBA 200 G, PUREĆI SUDŽUK PIKANT ALARIBA 200 G, PUREĆI SUDŽUK ALARIBA, PUREĆI SUDŽUK PIKANT ALARIBA, PUREĆI SUDŽUK NAREZAK 80 g, PUREĆI SUDŽUK POKANT NAREZAK 80 g"
https://www.halal.hr,Vodice d.o.o.,"Put Gaćeleza 1, 22211, Vodice, Hrvatska",Producers,
https://www.halal.hrhttps://www.westinzagreb.hr,Westin Zagreb Hotel,"Ul. Izidora Kršnjavog 1, 10000, Zagreb, Croatia",Hoteliers,
https://www.halal.hrhttps://www.dthiltonzagreb.com,Zagreb City Hotels d.o.o.,"Ulica grada Vukovara 269a , 10000 Zagreb",Hoteliers,
https://www.halal.hrhttp://www.zdenka.hr,Zdenka-mliječni proizvodi d.o.o.,"Trg kralja Tomislava 15, 43293, Veliki Zdenci, Croatia",Producers,"Zdenka Classic 140 g, Zdenka Light 140 g, Zdenka Special 140 g, Zdenka Sandwich 140 g, Zdenka Čardaš 140 g, Zdenka Šampinjon 140 g, Zdenka namaz Natur  125 g, Zdenka namaz Fitness  125 g, Zdenka namaz Pikant  125 g, Zdenka namaz Mediteran  125 g, Zdenka sirni namazOriginal  125 g, Zdenka sirni namaz Kajmak  125 g, Zdenka sirni namaz  Liptauer  125 g, Zdenka sirni namaz  Choco  125 g"
https://www.halal.hrhttp://www.zitoproizvod.hr/,Žitoproizvod d.d. Karlovac,"Banija ul. 69, 47000, Karlovac, Croatia",Producers,"Pšenična krupica T-400, Pšenično bijelo brašno oštro T-400, Pšenično bijelo brašno glatko T- 550, Pšenično polubijelo brašno T- 850, Pšenično crno brašno T- 1100, Pšenično brašno od cjelovitog zrna, Pšenična klica, Pšenične posije, Pšenično krmno brašno"
https://www.halal.hrhttps://www.zvijezda.hr,Zvijezda plus d.o.o.,"Ulica Marijana Čavića 1, 10 000, Zagreb",Producers,
https://www.halal.hrhttp://www.zvonacatering.hr,Zvona usluge d.o.o.,"Busovačka ul. 19, 10000, Zagreb, Croatia",Restaurants,
